	classification	gender	age	risk	cluster_ID	heatmap_col_order
B02	NDBE	M	53	H	Columnar	53
B03	NDBE	M	46	L	Columnar	36
B04	NDBE	M	73	L	Squamous	5
B06	NDBE	M	30	L	Columnar	37
B08	NDBE	M	58	L	Columnar	56
B09	NDBE	M	65	L	Columnar	51
B11	NDBE	M	57	H	Lymphoid	77
B12	NDBE	M	48	L	Squamous	16
B13	NDBE	F	76	L	Columnar	38
B14	NDBE	M	59	L	Lymphoid	59
B15	NDBE	M	69	L	Columnar	48
B16	NDBE	M	66	H	Lymphoid	61
B17	NDBE	M	51	H	Columnar	50
B18	NDBE	M	71	L	Columnar	39
B19	NDBE	M	66	H	Lymphoid	65
B20	NDBE	M	46	H	Columnar	46
B21	NDBE	M	57	L	Squamous	13
B22	NDBE	M	66	L	Lymphoid	63
B23	NDBE	M	74	H	Columnar	43
B24	NDBE	M	75	L	Columnar	49
B25	NDBE	M	51	H	Lymphoid	72
B26	NDBE	M	54	H	Squamous	9
B27	NDBE	M	61	L	Lymphoid	75
B28	NDBE	M	46	L	Squamous	15
B29	NDBE	M	60	H	Columnar	47
B30	NDBE	M	65	L	Squamous	12
B31	NDBE	M	55	H	Lymphoid	83
B32	NDBE	M	61	H	Lymphoid	66
B33	NDBE	F	73	L	Lymphoid	78
C02	EAC	M	53	H	Erythroid	20
C03	EAC	M	54	H	Columnar	40
C04	EAC	F	80	H	Lymphoid	81
C06	EAC	M	78	H	Erythroid	27
C07	EAC	M	53	H	Erythroid	23
C08	EAC	M	65	H	Lymphoid	58
C09	EAC	M	66	H	Erythroid	18
C10	EAC	M	82	H	Erythroid	21
C11	EAC	M	62	H	Columnar	42
C12	EAC	M	75	H	Lymphoid	84
C13	EAC	M	62	H	Erythroid	19
C14	EAC	M	85	H	Lymphoid	67
H01	HGD	M	70	H	Erythroid	29
H02	HGD	M	52	H	Erythroid	22
H03	HGD	F	27	L	Erythroid	24
H04	HGD	M	67	H	Erythroid	33
H05	HGD	M	66	L	Erythroid	26
H06	HGD	M	68	L	Erythroid	25
H08	HGD	F	74	L	Lymphoid	62
H09	HGD	M	67	H	Lymphoid	82
H10	HGD	M	72	H	Columnar	41
H11	HGD	M	67	H	Lymphoid	70
H12	HGD	M	75	L	Lymphoid	80
H13	HGD	F	72	H	Lymphoid	69
H14	HGD	M	77	H	Columnar	52
H15	HGD	F	71	H	Squamous	17
H16	HGD	M	69	L	Lymphoid	71
H17	HGD	M	74	H	Lymphoid	73
L02	LGD	M	70	H	Erythroid	30
L03	LGD	M	61	L	Lymphoid	85
L05	LGD	M	52	H	Lymphoid	74
L06	LGD	M	72	L	Lymphoid	60
L07	LGD	M	58	H	Columnar	54
L08	LGD	M	66	H	Lymphoid	64
L09	LGD	M	60	H	Lymphoid	79
L10	LGD	F	73	H	Erythroid	34
L11	LGD	M	66	H	Columnar	55
L12	LGD	M	69	H	Erythroid	28
L13	LGD	M	66	H	Lymphoid	76
L14	LGD	M	73	L	Columnar	45
L15	LGD	M	59	L	Columnar	57
L17	LGD	M	75	H	Columnar	44
L18	LGD	M	61	L	Erythroid	35
L19	LGD	M	79	L	Lymphoid	86
L20	LGD	M	83	H	Erythroid	31
L21	LGD	M	79	H	Lymphoid	68
L22	LGD	M	71	H	Erythroid	32
N01	NSq	F	66	L	Squamous	14
N02	NSq	M	70	H	Squamous	8
N03	NSq	M	29	H	Squamous	10
N04	NSq	M	66	H	Squamous	3
N05	NSq	M	64	L	Squamous	6
N06	NSq	M	68	L	Squamous	2
N07	NSq	F	64	L	Squamous	1
N08	NSq	M	61	L	Squamous	7
N09	NSq	M	53	H	Squamous	4
N10	NSq	M	72	H	Squamous	11
