,B01,B18,B19,B20,B21,B22,B23,L14,N01,L15,B02,B03,C01,N05,C11,B04,L16,N06,L01,B05,B06,L17,C12,H01,L02,N02,N07,L03,B24,B07,N03,L04,B25,C02,B26,C03,B08,N08,H02,L05,B09,B10,L06,C04,B11,B27,B12,C06,L07,B28,C07,B29,L18,B13,B14,B15,L19,B30,H11,B16,L08,H12,C13,B17,L09,L10,H03,H04,H05,N04,C08,L11,C09,L20,H06,B31,L21,L12,N09,H07,B32,L13,H13,C10,B33,C14,H14,H08,L22,H15,H09,H10,N10,H16,H17,H18
Monocytes_EPIC,0.000,0.000,0.000,0.000,0.000,0.000,0.000,0.000,0.000,0.000,0.000,0.000,0.057,0.000,0.000,0.000,0.000,0.000,0.000,0.000,0.000,0.000,0.013,0.000,0.000,0.000,0.000,0.000,0.000,0.000,0.022,0.000,0.000,0.014,0.000,0.000,0.000,0.000,0.000,0.000,0.000,0.000,0.000,0.000,0.000,0.000,0.000,0.000,0.000,0.008,0.035,0.000,0.000,0.000,0.000,0.000,0.000,0.000,0.036,0.000,0.000,0.000,0.000,0.000,0.000,0.000,0.051,0.000,0.000,0.000,0.000,0.000,0.000,0.000,0.000,0.017,0.023,0.000,0.000,0.000,0.000,0.000,0.040,0.000,0.008,0.000,0.000,0.000,0.000,0.000,0.000,0.000,0.000,0.044,0.007,0.000
B-cells_EPIC,0.000,0.068,0.011,0.000,0.059,0.061,0.000,0.000,0.000,0.000,0.000,0.000,0.016,0.000,0.000,0.000,0.000,0.000,0.000,0.000,0.000,0.000,0.001,0.000,0.000,0.000,0.000,0.000,0.000,0.000,0.004,0.026,0.169,0.113,0.000,0.000,0.000,0.000,0.128,0.226,0.000,0.044,0.066,0.020,0.085,0.076,0.068,0.000,0.000,0.093,0.161,0.000,0.000,0.064,0.082,0.000,0.000,0.000,0.133,0.069,0.085,0.030,0.063,0.000,0.048,0.000,0.075,0.001,0.000,0.000,0.056,0.000,0.044,0.067,0.000,0.014,0.152,0.000,0.000,0.095,0.006,0.081,0.114,0.101,0.048,0.067,0.000,0.092,0.000,0.160,0.000,0.000,0.000,0.181,0.323,0.088
CD4T-cells_EPIC,0.000,0.000,0.000,0.000,0.103,0.000,0.000,0.000,0.142,0.000,0.000,0.000,0.000,0.000,0.000,0.000,0.000,0.000,0.000,0.000,0.000,0.000,0.000,0.000,0.000,0.015,0.000,0.000,0.000,0.000,0.016,0.000,0.000,0.000,0.000,0.000,0.000,0.000,0.000,0.000,0.000,0.000,0.000,0.000,0.000,0.022,0.000,0.000,0.000,0.000,0.000,0.000,0.000,0.000,0.000,0.000,0.000,0.000,0.027,0.000,0.000,0.000,0.000,0.000,0.000,0.000,0.065,0.000,0.000,0.000,0.000,0.000,0.000,0.000,0.000,0.000,0.000,0.000,0.000,0.000,0.000,0.000,0.133,0.006,0.016,0.000,0.000,0.000,0.000,0.052,0.000,0.000,0.000,0.046,0.000,0.000
NK-cells_EPIC,0.000,0.000,0.000,0.000,0.000,0.000,0.000,0.000,0.000,0.000,0.000,0.000,0.000,0.000,0.000,0.000,0.000,0.000,0.000,0.000,0.000,0.000,0.000,0.000,0.000,0.000,0.000,0.000,0.000,0.000,0.000,0.000,0.000,0.000,0.000,0.000,0.000,0.000,0.000,0.000,0.000,0.000,0.000,0.000,0.000,0.000,0.000,0.000,0.000,0.000,0.000,0.000,0.000,0.000,0.000,0.000,0.000,0.000,0.000,0.000,0.000,0.000,0.000,0.000,0.000,0.000,0.000,0.000,0.000,0.000,0.000,0.000,0.000,0.000,0.000,0.000,0.000,0.000,0.000,0.000,0.000,0.000,0.000,0.000,0.000,0.000,0.000,0.000,0.000,0.000,0.000,0.000,0.000,0.000,0.000,0.000
CD8T-cells_EPIC,0.000,0.000,0.000,0.000,0.000,0.000,0.000,0.000,0.064,0.000,0.000,0.000,0.000,0.000,0.000,0.000,0.000,0.000,0.000,0.000,0.000,0.000,0.000,0.000,0.000,0.000,0.000,0.000,0.000,0.000,0.000,0.000,0.025,0.034,0.000,0.000,0.000,0.000,0.042,0.017,0.000,0.000,0.002,0.000,0.054,0.031,0.000,0.000,0.000,0.000,0.084,0.000,0.000,0.000,0.026,0.000,0.000,0.000,0.063,0.042,0.000,0.021,0.015,0.000,0.003,0.000,0.010,0.000,0.000,0.000,0.000,0.000,0.067,0.000,0.000,0.000,0.038,0.000,0.000,0.056,0.000,0.009,0.076,0.023,0.000,0.000,0.000,0.011,0.084,0.007,0.000,0.000,0.000,0.050,0.090,0.000
Neutrophils_EPIC,0.000,0.000,0.000,0.000,0.000,0.000,0.000,0.000,0.000,0.000,0.000,0.000,0.000,0.000,0.000,0.000,0.000,0.000,0.000,0.000,0.000,0.000,0.000,0.000,0.000,0.000,0.000,0.000,0.000,0.000,0.000,0.000,0.000,0.068,0.000,0.000,0.000,0.000,0.000,0.000,0.000,0.000,0.000,0.635,0.000,0.000,0.000,0.000,0.000,0.000,0.001,0.000,0.000,0.000,0.000,0.000,0.000,0.000,0.106,0.000,0.000,0.018,0.000,0.000,0.000,0.000,0.021,0.000,0.000,0.000,0.000,0.000,0.000,0.000,0.000,0.000,0.000,0.000,0.000,0.000,0.000,0.000,0.000,0.000,0.000,0.000,0.000,0.000,0.000,0.000,0.143,0.000,0.000,0.023,0.000,0.000
Erythrocyte_progenitors,0.000,0.000,0.000,0.000,0.000,0.000,0.000,0.000,0.000,0.000,0.000,0.000,0.000,0.000,0.000,0.000,0.000,0.000,0.000,0.000,0.000,0.000,0.000,0.000,0.000,0.000,0.000,0.000,0.000,0.000,0.000,0.000,0.000,0.000,0.000,0.000,0.000,0.000,0.000,0.000,0.000,0.000,0.000,0.000,0.000,0.000,0.000,0.000,0.000,0.000,0.000,0.000,0.000,0.000,0.000,0.000,0.000,0.000,0.000,0.000,0.000,0.000,0.000,0.000,0.000,0.000,0.000,0.000,0.000,0.000,0.000,0.000,0.000,0.000,0.000,0.000,0.000,0.000,0.000,0.000,0.000,0.000,0.000,0.000,0.000,0.000,0.000,0.000,0.000,0.000,0.000,0.000,0.000,0.000,0.000,0.000
Adipocytes,0.000,0.000,0.000,0.000,0.000,0.000,0.000,0.000,0.000,0.000,0.000,0.000,0.118,0.000,0.000,0.000,0.000,0.000,0.000,0.000,0.000,0.000,0.169,0.000,0.000,0.000,0.000,0.184,0.000,0.000,0.000,0.000,0.000,0.012,0.000,0.000,0.000,0.000,0.000,0.000,0.000,0.000,0.000,0.000,0.136,0.016,0.000,0.000,0.000,0.000,0.000,0.000,0.000,0.000,0.000,0.000,0.014,0.000,0.002,0.000,0.000,0.000,0.000,0.000,0.032,0.000,0.000,0.000,0.000,0.000,0.000,0.000,0.000,0.000,0.000,0.126,0.000,0.000,0.000,0.000,0.000,0.020,0.000,0.000,0.082,0.000,0.000,0.000,0.000,0.000,0.000,0.000,0.000,0.054,0.000,0.000
Cortical_neurons,0.000,0.000,0.000,0.000,0.000,0.000,0.000,0.000,0.000,0.000,0.000,0.000,0.000,0.000,0.000,0.000,0.000,0.000,0.000,0.000,0.000,0.000,0.000,0.000,0.000,0.000,0.000,0.000,0.000,0.000,0.000,0.000,0.000,0.000,0.000,0.000,0.000,0.000,0.000,0.000,0.000,0.000,0.000,0.000,0.000,0.000,0.000,0.000,0.000,0.000,0.000,0.000,0.000,0.000,0.000,0.000,0.000,0.000,0.000,0.000,0.000,0.000,0.000,0.000,0.000,0.000,0.000,0.000,0.000,0.000,0.000,0.000,0.000,0.000,0.000,0.000,0.000,0.000,0.000,0.000,0.000,0.000,0.000,0.000,0.000,0.000,0.000,0.000,0.000,0.000,0.000,0.000,0.000,0.000,0.000,0.000
Hepatocytes,0.000,0.000,0.000,0.000,0.000,0.000,0.000,0.000,0.000,0.000,0.000,0.000,0.000,0.000,0.000,0.000,0.000,0.000,0.000,0.000,0.000,0.000,0.000,0.000,0.000,0.000,0.000,0.000,0.000,0.000,0.000,0.000,0.000,0.000,0.000,0.000,0.000,0.000,0.000,0.000,0.000,0.000,0.000,0.000,0.000,0.000,0.000,0.000,0.000,0.000,0.000,0.000,0.000,0.000,0.000,0.000,0.000,0.000,0.000,0.000,0.000,0.000,0.012,0.000,0.000,0.000,0.002,0.000,0.000,0.000,0.000,0.000,0.042,0.000,0.000,0.000,0.000,0.000,0.000,0.000,0.000,0.000,0.000,0.000,0.000,0.000,0.000,0.000,0.000,0.000,0.000,0.000,0.000,0.000,0.000,0.000
Lung_cells,0.000,0.000,0.000,0.000,0.000,0.000,0.000,0.000,0.000,0.000,0.000,0.000,0.000,0.000,0.000,0.000,0.004,0.000,0.000,0.000,0.000,0.000,0.000,0.000,0.000,0.000,0.000,0.000,0.000,0.000,0.000,0.000,0.000,0.000,0.000,0.000,0.000,0.000,0.000,0.000,0.000,0.000,0.000,0.000,0.000,0.000,0.000,0.000,0.000,0.000,0.000,0.000,0.000,0.000,0.000,0.000,0.000,0.000,0.000,0.000,0.000,0.000,0.000,0.000,0.000,0.000,0.036,0.000,0.000,0.000,0.000,0.000,0.000,0.000,0.000,0.000,0.000,0.000,0.000,0.000,0.000,0.000,0.000,0.000,0.000,0.000,0.000,0.000,0.000,0.000,0.000,0.000,0.000,0.000,0.000,0.000
Pancreatic_beta_cells,0.000,0.000,0.000,0.000,0.000,0.000,0.000,0.000,0.000,0.000,0.000,0.000,0.000,0.000,0.000,0.000,0.000,0.000,0.000,0.000,0.000,0.000,0.000,0.000,0.000,0.000,0.000,0.000,0.000,0.000,0.000,0.000,0.000,0.000,0.000,0.000,0.000,0.000,0.000,0.000,0.000,0.000,0.000,0.000,0.000,0.000,0.000,0.000,0.000,0.000,0.000,0.000,0.000,0.000,0.000,0.000,0.000,0.000,0.000,0.000,0.000,0.000,0.000,0.000,0.000,0.000,0.000,0.000,0.000,0.000,0.000,0.000,0.000,0.000,0.000,0.000,0.000,0.000,0.000,0.000,0.000,0.000,0.000,0.000,0.000,0.000,0.000,0.000,0.000,0.000,0.000,0.000,0.000,0.000,0.000,0.000
Pancreatic_acinar_cells,0.000,0.000,0.000,0.000,0.000,0.000,0.000,0.000,0.000,0.000,0.000,0.000,0.000,0.000,0.000,0.000,0.000,0.000,0.000,0.000,0.000,0.000,0.000,0.026,0.011,0.000,0.000,0.000,0.000,0.000,0.000,0.000,0.000,0.043,0.000,0.047,0.000,0.000,0.025,0.000,0.000,0.000,0.000,0.000,0.000,0.000,0.000,0.034,0.000,0.000,0.000,0.000,0.000,0.000,0.000,0.000,0.000,0.000,0.050,0.000,0.000,0.000,0.088,0.000,0.000,0.000,0.050,0.000,0.000,0.000,0.000,0.000,0.113,0.008,0.025,0.000,0.001,0.000,0.000,0.000,0.000,0.000,0.000,0.015,0.000,0.013,0.000,0.000,0.020,0.002,0.000,0.016,0.000,0.000,0.000,0.000
Pancreatic_duct_cells,0.000,0.000,0.000,0.000,0.026,0.000,0.000,0.000,0.000,0.000,0.000,0.000,0.029,0.000,0.000,0.000,0.039,0.000,0.000,0.000,0.000,0.000,0.000,0.000,0.000,0.000,0.000,0.000,0.000,0.000,0.000,0.000,0.000,0.000,0.000,0.000,0.000,0.000,0.000,0.000,0.000,0.000,0.000,0.000,0.001,0.000,0.000,0.000,0.000,0.000,0.000,0.000,0.000,0.000,0.000,0.000,0.000,0.000,0.000,0.000,0.000,0.000,0.000,0.000,0.000,0.000,0.000,0.000,0.000,0.000,0.000,0.000,0.000,0.000,0.000,0.000,0.000,0.000,0.000,0.000,0.000,0.000,0.000,0.000,0.003,0.000,0.000,0.000,0.000,0.000,0.000,0.000,0.000,0.000,0.000,0.000
Vascular_endothelial_cells,0.000,0.000,0.000,0.000,0.000,0.000,0.000,0.000,0.000,0.000,0.002,0.000,0.090,0.000,0.000,0.000,0.000,0.000,0.000,0.000,0.000,0.000,0.125,0.000,0.000,0.000,0.000,0.020,0.000,0.000,0.000,0.000,0.000,0.000,0.000,0.000,0.000,0.000,0.000,0.000,0.000,0.000,0.000,0.000,0.060,0.039,0.000,0.000,0.000,0.000,0.000,0.000,0.000,0.000,0.000,0.000,0.019,0.000,0.010,0.000,0.000,0.000,0.000,0.000,0.048,0.000,0.000,0.000,0.000,0.000,0.000,0.000,0.000,0.000,0.000,0.075,0.000,0.000,0.000,0.000,0.000,0.079,0.000,0.000,0.076,0.000,0.000,0.000,0.000,0.000,0.000,0.000,0.000,0.000,0.000,0.000
Colon_epithelial_cells,0.086,0.447,0.374,0.373,0.065,0.424,0.321,0.385,0.004,0.421,0.316,0.566,0.029,0.000,0.443,0.109,0.060,0.000,0.042,0.031,0.381,0.433,0.029,0.279,0.356,0.000,0.000,0.092,0.401,0.087,0.000,0.078,0.183,0.231,0.091,0.731,0.400,0.000,0.305,0.248,0.340,0.334,0.286,0.164,0.058,0.159,0.131,0.501,0.465,0.200,0.230,0.391,0.376,0.398,0.333,0.387,0.247,0.231,0.098,0.282,0.343,0.269,0.332,0.463,0.194,0.431,0.185,0.417,0.391,0.000,0.470,0.427,0.144,0.244,0.436,0.200,0.248,0.510,0.000,0.346,0.460,0.212,0.239,0.247,0.099,0.336,0.467,0.286,0.188,0.084,0.311,0.581,0.000,0.115,0.168,0.363
Left_atrium,0.000,0.000,0.000,0.000,0.000,0.000,0.000,0.000,0.000,0.000,0.000,0.000,0.081,0.000,0.000,0.000,0.000,0.000,0.000,0.000,0.000,0.000,0.209,0.000,0.000,0.000,0.000,0.018,0.000,0.000,0.000,0.000,0.000,0.000,0.000,0.000,0.000,0.000,0.000,0.000,0.000,0.000,0.000,0.000,0.040,0.000,0.000,0.000,0.000,0.000,0.000,0.000,0.000,0.000,0.000,0.000,0.000,0.000,0.000,0.000,0.000,0.000,0.000,0.000,0.000,0.000,0.000,0.000,0.000,0.000,0.000,0.000,0.000,0.000,0.000,0.000,0.000,0.000,0.000,0.000,0.000,0.000,0.000,0.000,0.000,0.000,0.000,0.000,0.000,0.000,0.000,0.000,0.000,0.000,0.000,0.000
Bladder,0.000,0.108,0.099,0.105,0.000,0.042,0.011,0.064,0.000,0.131,0.181,0.118,0.038,0.000,0.242,0.000,0.000,0.000,0.000,0.000,0.146,0.084,0.040,0.168,0.148,0.000,0.000,0.132,0.058,0.000,0.010,0.000,0.125,0.201,0.076,0.128,0.119,0.000,0.136,0.131,0.038,0.174,0.158,0.077,0.044,0.149,0.062,0.124,0.112,0.060,0.103,0.033,0.081,0.038,0.083,0.051,0.139,0.044,0.089,0.114,0.099,0.169,0.218,0.067,0.134,0.003,0.054,0.097,0.000,0.000,0.095,0.050,0.131,0.085,0.034,0.164,0.209,0.023,0.000,0.163,0.103,0.132,0.128,0.176,0.090,0.241,0.057,0.120,0.120,0.020,0.137,0.174,0.000,0.098,0.116,0.130
Breast,0.000,0.049,0.102,0.081,0.043,0.083,0.079,0.119,0.044,0.147,0.122,0.044,0.000,0.000,0.199,0.000,0.000,0.000,0.000,0.000,0.107,0.065,0.000,0.059,0.016,0.029,0.000,0.000,0.027,0.000,0.000,0.000,0.121,0.087,0.021,0.094,0.048,0.000,0.078,0.084,0.049,0.148,0.136,0.038,0.000,0.082,0.096,0.149,0.084,0.075,0.092,0.085,0.129,0.079,0.085,0.072,0.132,0.059,0.109,0.113,0.135,0.045,0.153,0.093,0.069,0.000,0.000,0.045,0.000,0.000,0.157,0.117,0.136,0.000,0.000,0.050,0.188,0.000,0.000,0.077,0.055,0.088,0.108,0.082,0.000,0.121,0.108,0.096,0.066,0.017,0.065,0.103,0.000,0.145,0.119,0.137
Head_and_neck_larynx,0.903,0.005,0.000,0.000,0.392,0.000,0.230,0.000,0.745,0.006,0.038,0.000,0.131,1.000,0.000,0.891,0.000,1.000,0.000,0.000,0.000,0.162,0.074,0.000,0.000,0.955,1.000,0.039,0.000,0.000,0.925,0.000,0.000,0.025,0.772,0.000,0.004,1.000,0.000,0.000,0.024,0.000,0.000,0.066,0.030,0.009,0.290,0.000,0.025,0.364,0.115,0.000,0.000,0.000,0.000,0.000,0.026,0.290,0.007,0.000,0.009,0.103,0.000,0.000,0.000,0.000,0.073,0.000,0.000,1.000,0.075,0.000,0.000,0.147,0.000,0.042,0.000,0.000,1.000,0.000,0.000,0.065,0.018,0.000,0.059,0.000,0.000,0.098,0.023,0.545,0.000,0.000,1.000,0.006,0.012,0.021
Kidney,0.000,0.000,0.000,0.000,0.000,0.000,0.000,0.000,0.000,0.000,0.000,0.000,0.008,0.000,0.000,0.000,0.000,0.000,0.000,0.000,0.000,0.000,0.000,0.000,0.000,0.000,0.000,0.000,0.000,0.000,0.000,0.000,0.000,0.026,0.000,0.000,0.000,0.000,0.000,0.000,0.000,0.000,0.000,0.000,0.000,0.000,0.000,0.000,0.000,0.000,0.000,0.000,0.000,0.000,0.000,0.000,0.000,0.000,0.000,0.000,0.000,0.000,0.000,0.000,0.000,0.000,0.037,0.000,0.000,0.000,0.000,0.000,0.101,0.000,0.000,0.000,0.000,0.000,0.000,0.000,0.000,0.000,0.000,0.000,0.000,0.000,0.000,0.000,0.000,0.000,0.000,0.000,0.000,0.000,0.000,0.000
Prostate,0.011,0.005,0.014,0.004,0.015,0.024,0.033,0.021,0.000,0.017,0.000,0.081,0.004,0.000,0.000,0.000,0.000,0.000,0.000,0.000,0.000,0.020,0.000,0.000,0.000,0.000,0.000,0.000,0.043,0.000,0.000,0.000,0.000,0.017,0.001,0.000,0.039,0.000,0.000,0.000,0.000,0.000,0.000,0.000,0.000,0.000,0.000,0.010,0.022,0.012,0.000,0.084,0.046,0.000,0.000,0.001,0.000,0.040,0.000,0.000,0.002,0.000,0.000,0.007,0.000,0.011,0.000,0.000,0.000,0.000,0.068,0.086,0.049,0.000,0.000,0.000,0.000,0.000,0.000,0.000,0.061,0.000,0.000,0.000,0.000,0.000,0.028,0.000,0.000,0.044,0.000,0.004,0.000,0.000,0.000,0.026
Thyroid,0.000,0.000,0.000,0.000,0.000,0.000,0.000,0.000,0.000,0.000,0.000,0.000,0.000,0.000,0.000,0.000,0.000,0.000,0.000,0.000,0.000,0.000,0.000,0.000,0.000,0.000,0.000,0.000,0.000,0.000,0.000,0.000,0.000,0.000,0.000,0.000,0.000,0.000,0.000,0.000,0.000,0.000,0.000,0.000,0.000,0.000,0.000,0.000,0.000,0.000,0.000,0.000,0.000,0.000,0.000,0.000,0.000,0.000,0.000,0.000,0.000,0.000,0.000,0.000,0.000,0.000,0.000,0.000,0.000,0.000,0.000,0.000,0.000,0.000,0.000,0.000,0.000,0.000,0.000,0.000,0.000,0.000,0.000,0.000,0.000,0.000,0.000,0.000,0.000,0.000,0.000,0.000,0.000,0.000,0.000,0.000
Upper_GI,0.000,0.318,0.399,0.437,0.291,0.365,0.326,0.412,0.000,0.278,0.336,0.192,0.187,0.000,0.116,0.000,0.897,0.000,0.958,0.969,0.366,0.234,0.117,0.467,0.469,0.000,0.000,0.410,0.471,0.913,0.000,0.896,0.378,0.126,0.039,0.000,0.390,0.000,0.287,0.295,0.549,0.301,0.352,0.000,0.332,0.417,0.351,0.182,0.291,0.187,0.177,0.407,0.368,0.421,0.391,0.489,0.363,0.336,0.270,0.380,0.327,0.344,0.119,0.370,0.463,0.555,0.342,0.440,0.609,0.000,0.078,0.320,0.173,0.450,0.504,0.211,0.140,0.467,0.000,0.263,0.315,0.303,0.144,0.351,0.438,0.221,0.341,0.298,0.499,0.069,0.344,0.122,0.000,0.232,0.159,0.234
Uterus_cervix,0.000,0.000,0.000,0.000,0.007,0.000,0.000,0.000,0.000,0.000,0.004,0.000,0.212,0.000,0.000,0.000,0.000,0.000,0.000,0.000,0.000,0.000,0.223,0.000,0.000,0.000,0.000,0.105,0.000,0.000,0.022,0.000,0.000,0.000,0.000,0.000,0.000,0.000,0.000,0.000,0.000,0.000,0.000,0.000,0.160,0.000,0.002,0.000,0.000,0.000,0.000,0.000,0.000,0.000,0.000,0.000,0.060,0.000,0.000,0.000,0.000,0.000,0.000,0.000,0.007,0.000,0.000,0.000,0.000,0.000,0.000,0.000,0.000,0.000,0.000,0.101,0.000,0.000,0.000,0.000,0.000,0.012,0.000,0.000,0.082,0.000,0.000,0.000,0.000,0.000,0.000,0.000,0.000,0.006,0.006,0.000
