	FHIT | 44 CpGs	CCDC144B | 0 CpGs	LGALS9C | 36 CpGs	USP32P2 | 3 CpGs	KRT16P1 | 59 CpGs	OVOS | 0 CpGs	DUXAP9 | 122 CpGs	POTEG | 76 CpGs	CDKN2A | 350 CpGs	CDKN2B-AS1 | 235 CpGs	OR11H2 | 35 CpGs	UGT2B17 | 0 CpGs	OR4M1 | 107 CpGs	OR4Q3 | 49 CpGs	LNCRNA-ATB | 94 CpGs	LOC440434 | 18 CpGs	MTAP | 221 CpGs	OR4K2 | 109 CpGs	OR4K3 | 215 CpGs	OR4K5 | 82 CpGs	OR4N2 | 147 CpGs	TBC1D3H | 7 CpGs	TBC1D3K | 0 CpGs	WWOX | 258 CpGs	OR4F4 | 36 CpGs	OR4K1 | 111 CpGs	POTEM | 35 CpGs	WASH3P | 51 CpGs	LOC646214 | 99 CpGs	CHEK2P2 | 259 CpGs	CXADRP2 | 100 CpGs	FAM30C | 26 CpGs	GOLGA6L6 | 25 CpGs	GOLGA8CP | 89 CpGs	HERC2P3 | 130 CpGs	LINC01193 | 117 CpGs	NBEAP1 | 53 CpGs	CCDC144A | 151 CpGs	KRT16P2 | 241 CpGs	USP32P1 | 187 CpGs	POTEB3 | 79 CpGs	LINC02203 | 26 CpGs	LOC642131 | 6 CpGs	NF1P2 | 24 CpGs	POTEB | 0 CpGs
N02	0.74235135	NA	0.6855642	0.9777767	0.6902529	NA	0.6742591	0.70447105	0.26493037	0.38730443	0.5184486	NA	0.61480117	0.51258385	0.6152441	0.7616128	0.43494618	0.47392923	0.7477518	0.47787693	0.6174871	0.49492002	NA	0.84910274	0.8793677	0.63756055	0.6652374	0.6465322	0.6028282	0.67986697	0.72895277	0.6528869	0.70298475	0.83896697	0.61636937	0.70859545	0.6702773	0.847294	0.67304194	0.76970756	0.7260223	0.36019227	0.94236165	0.58210415	NA
N03	0.81366444	NA	0.6715828	0.92051333	0.7447988	NA	0.723887	0.7678016	0.26285723	0.43468988	0.6526546	NA	0.69174874	0.6200898	0.6930163	0.8488945	0.46682546	0.5795732	0.7974976	0.61609256	0.7031994	0.7197543	NA	0.8619396	0.9058659	0.7126874	0.73070115	0.65856117	0.7115027	0.7399925	0.75005776	1.0	0.8441753	0.8671218	0.67799133	0.7870692	0.7931318	0.86901784	0.7508517	0.75036067	0.81939834	0.530395	0.9025984	0.62942916	NA
N04	0.84012276	NA	0.7169861	0.8727267	0.69816846	NA	0.74034286	0.7977734	0.31171963	0.42560816	0.6606825	NA	0.70663387	0.63111514	0.71983635	0.89416385	0.451493	0.5838488	0.8205687	0.57125807	0.7334841	0.7010757	NA	0.88317317	0.9042511	0.69311947	0.7211166	0.6824298	0.7060906	0.7689379	0.79985684	0.77611643	0.7497632	0.8360353	0.6757969	0.77716863	0.8012627	0.8937958	0.7172095	0.81305337	0.77870744	0.4199496	0.90888333	0.6221717	NA
N05	0.7984782	NA	0.722765	0.9071967	0.6943629	NA	0.72772706	0.70929027	0.33761662	0.38870943	0.56454253	NA	0.6297883	0.55638736	0.64689666	0.8101127	0.41883925	0.5263384	0.76611143	0.49445984	0.651084	0.5164157	NA	0.84759957	0.89174867	0.6410532	0.64326423	0.68322635	0.58173496	0.7109828	0.71832335	0.66387045	0.72747767	0.86765724	0.5938322	0.72971636	0.7111813	0.8831895	0.710512	0.7704786	0.7352137	0.39587003	0.8656666	0.5195096	NA
N06	0.88384664	NA	0.7150689	0.95238	0.706413	NA	0.7711162	0.8148143	0.30710688	0.41808257	0.6946443	NA	0.73069465	0.6637596	0.75541687	0.9043205	0.4742633	0.6425781	0.83750695	0.6143397	0.7581479	0.62366575	NA	0.87900585	0.87516856	0.7380451	0.69783485	0.73476726	0.7221559	0.79440314	0.79578316	0.7963185	0.7898576	0.86794686	0.6788297	0.8460434	0.8239746	0.89365757	0.6996062	0.8077817	0.7931835	0.51127696	0.9458334	0.63819915	NA
N07	0.8401881	NA	0.70859224	0.89952	0.6950457	NA	0.7460946	0.78865653	0.24358185	0.41879702	0.66058546	NA	0.74151903	0.6399457	0.7299739	0.8743761	0.46252358	0.64788336	0.81912374	0.63788205	0.77086294	0.5991329	NA	0.8585634	0.9174083	0.75609493	0.71328515	0.67473066	0.78565437	0.7993637	0.8209232	0.8503581	0.78943914	0.9152261	0.7895641	0.85633963	0.8001556	0.8817569	0.7044641	0.7708856	0.80624753	0.6231531	0.9246034	0.81332415	NA
N08	0.87550265	NA	0.71084774	0.8692767	0.7215849	NA	0.7454847	0.75115675	0.3079255	0.42560205	0.65231174	NA	0.70345694	0.61944836	0.7225138	0.89036727	0.46409994	0.5970737	0.8146006	0.6236683	0.74588066	0.7568601	NA	0.88703865	0.87012553	0.7544915	0.7078974	0.7335853	0.6658044	0.7642996	0.7704693	0.75479233	0.7579408	0.8676603	0.6671276	0.80836135	0.7307166	0.896776	0.7130779	0.7910745	0.79628235	0.5459784	0.88285667	0.66866875	NA
N09	0.85819477	NA	0.68633807	0.92857003	0.69096386	NA	0.748504	0.8042658	0.25231466	0.43103313	0.64380056	NA	0.75292665	0.64060223	0.71498847	0.87730664	0.47390416	0.60271895	0.82948154	0.6617289	0.75061774	0.75168717	NA	0.8791819	0.84740996	0.73871934	0.66363055	0.7237269	0.67086434	0.7597848	0.7727102	0.7304588	0.77345395	0.87411714	0.6639371	0.7494239	0.7135769	0.8779994	0.6824123	0.78560656	0.8270698	0.5982754	0.9533334	0.7130254	NA
N10	0.8578329	NA	0.6995728	0.9583333	0.7558782	NA	0.757134	0.8054802	0.2983702	0.42131513	0.7123546	NA	0.7428889	0.60671735	0.6891338	0.8752789	0.48149487	0.5919327	0.82066816	0.63962513	0.7560087	0.7207843	NA	0.8844552	0.89705193	0.75883615	0.66948795	0.70551157	0.645343	0.7722399	0.7810009	0.8006989	0.7179803	0.8901526	0.6661451	0.77524513	0.7289235	0.89970446	0.7546121	0.7905094	0.7846711	0.489655	0.9445867	0.65022963	NA
B02	0.78200454	NA	0.59090906	0.875	0.62941194	NA	0.7516398	0.76849985	0.4563392	0.47486612	0.63466746	NA	0.6707489	0.57573897	0.7013498	0.83827835	0.4466878	0.52738035	0.78165454	0.5331667	0.6533941	0.6069258	NA	0.83277935	0.8936634	0.6482715	0.64613175	0.6204703	0.6186282	0.719574	0.7530197	0.74513775	0.7039523	0.87153524	0.6185953	0.7566861	0.74769014	0.8297763	0.66401803	0.7143322	0.74471146	0.3756723	0.8577833	0.6032492	NA
B03	0.7720629	NA	0.6565557	0.84999996	0.6133354	NA	0.6884172	0.6736061	0.56249404	0.40461928	0.46563515	NA	0.5579464	0.47069347	0.6272064	0.7108594	0.41826433	0.44738045	0.7158598	0.4190665	0.5553298	0.39973143	NA	0.71168816	0.7891728	0.5757932	0.5759183	0.54572743	0.48413274	0.62765354	0.6427823	0.6452662	0.5655396	0.7723884	0.5150228	0.6930128	0.66498977	0.78108084	0.5418582	0.5915393	0.67330116	0.28622425	0.74799174	0.498365	NA
B04	0.79328614	NA	0.7362086	0.87622666	0.6726804	NA	0.74159545	0.78035176	0.3421557	0.41274995	0.6588871	NA	0.6519705	0.5904439	0.7016236	0.6954216	0.41703758	0.5603974	0.79348034	0.5312299	0.65951705	0.7	NA	0.84866947	0.8848686	0.66875285	0.61827254	0.65035135	0.621907	0.7380171	0.75016767	0.75537497	0.7562532	0.83229434	0.6238186	0.7487078	0.70952886	0.8433803	0.6232204	0.75303805	0.7610751	0.41625467	0.886905	0.52094626	NA
B06	0.77888817	NA	0.7280346	0.9583333	0.7483971	NA	0.7249709	0.76984227	0.39230165	0.44062904	0.509804	NA	0.630846	0.50386244	0.6915702	0.7611756	0.4316572	0.501369	0.75649136	0.46819913	0.64516807	0.39472574	NA	0.8014234	0.8670406	0.587533	0.6328734	0.5392843	0.5640577	0.68591726	0.7114789	0.7784796	0.70423204	0.8314602	0.575021	0.70424765	0.69106996	0.81574976	0.6378098	0.67763764	0.69275206	0.4207296	0.85502666	0.5645909	NA
B08	0.7889957	NA	0.7252486	0.98147994	0.7306104	NA	0.6109858	0.7592146	0.27162904	0.4304235	0.5848494	NA	0.6391835	0.5512545	0.6863303	0.74933445	0.48248523	0.52253073	0.77382106	0.500336	0.66848826	0.5259443	NA	0.82667327	0.86290616	0.6343564	0.67643684	0.6480662	0.5966392	0.6993519	0.73815626	0.7615881	0.7678708	0.8681236	0.6162311	0.73933804	0.69660527	0.81243783	0.67284095	0.66410565	0.73361284	0.44364884	0.94858503	0.53334624	NA
B09	0.82475734	NA	0.72292554	0.87637997	0.7241551	NA	0.6551769	0.7387641	0.5587784	0.47449383	0.5361652	NA	0.63336	0.53190225	0.6620717	0.78452444	0.44253513	0.5053688	0.76205134	0.50295633	0.62236106	0.5264386	NA	0.7737314	0.9145569	0.6417273	0.61327	0.6498589	0.57341564	0.68326455	0.7076713	0.6808988	0.71056	0.8531383	0.5749272	0.7303731	0.7031779	0.765102	0.6423785	0.6206112	0.6850593	0.42061087	0.77437	0.5420638	NA
B11	0.77373385	NA	0.6975697	1.0	0.736669	NA	0.71524847	0.7535077	0.3016227	0.44444436	0.64433974	NA	0.6626763	0.6061237	0.678003	0.8276361	0.46251848	0.5531662	0.7843069	0.55041695	0.66451913	0.6228357	NA	0.8344341	0.88778174	0.6865348	0.6473834	0.6749017	0.64127755	0.72767884	0.7648487	0.719603	0.7215548	0.8499312	0.6217926	0.7704885	0.71789867	0.8009575	0.70669776	0.73185724	0.7475487	0.46942076	0.84953666	0.56559294	NA
B13	0.7965086	NA	0.66550756	1.0	0.7018639	NA	0.70267504	0.75130624	0.42377076	0.46117118	0.5889843	NA	0.639572	0.5911259	0.7417463	0.80503947	0.4509214	0.5809614	0.8018201	0.53384745	0.652574	0.4965857	NA	0.84813964	0.87414366	0.70385796	0.68555343	0.6348049	0.65942234	0.72715545	0.7480338	0.6984199	0.76174957	0.8614025	0.6484609	0.73164105	0.78428066	0.8331881	0.68916607	0.7538118	0.7676708	0.44645655	0.8981483	0.58537793	NA
B14	0.7407627	NA	0.6405072	0.9444433	0.67414564	NA	0.7428175	0.6985123	0.47484058	0.43910682	0.5288095	NA	0.5977462	0.51826775	0.645439	0.75407386	0.45242405	0.50028735	0.74821335	0.44036034	0.61613196	0.46893713	NA	0.8085353	0.81482244	0.5890267	0.62721485	0.58672506	0.5880594	0.66115767	0.69019586	0.65206236	0.6750312	0.80611986	0.57073224	0.7023725	0.7097491	0.7686695	0.6100922	0.6650748	0.70286626	0.38663116	0.71994495	0.43638626	NA
B15	0.7632784	NA	0.7061122	0.8720533	0.71051437	NA	0.7278804	0.7151631	0.41877145	0.46188608	0.5495771	NA	0.6030725	0.5171057	0.6385596	0.71750337	0.43659407	0.48801315	0.74792045	0.46756032	0.62127626	0.27799	NA	0.8115546	0.8548753	0.6140091	0.601422	0.6509616	0.5314039	0.6757723	0.6909187	0.7286638	0.66653246	0.83675283	0.55713207	0.72334486	0.6881834	0.7234689	0.6126188	0.5833711	0.7269391	0.31827307	0.8214283	0.5351358	NA
B16	0.6895561	NA	0.6702317	0.94192004	0.7560615	NA	0.6925401	0.77136576	0.31060714	0.46918803	0.550238	NA	0.6503805	0.527429	0.6694662	0.8703618	0.4611893	0.5177852	0.7433918	0.5254332	0.6291629	0.555135	NA	0.8165031	0.8613867	0.641918	0.65635395	0.6318357	0.6194791	0.6887979	0.70381045	0.6621238	0.74353594	0.8315214	0.60426706	0.73581296	0.6857685	0.77499896	0.67997986	0.6854408	0.6921385	0.42794073	0.80218166	0.53755206	NA
B17	0.8174534	NA	0.69162387	0.8624067	0.7095095	NA	0.7339007	0.71629703	0.29873168	0.426695	0.5282971	NA	0.598413	0.53658205	0.6181843	0.73797554	0.43121558	0.48483634	0.7325333	0.47159073	0.60533744	0.32009575	NA	0.8121495	0.89495975	0.61398137	0.63393486	0.53931683	0.5074297	0.67314655	0.6686161	0.6518109	0.6552084	0.79861253	0.5757594	0.6943	0.6501551	0.7163058	0.5762717	0.56412536	0.7125451	0.30892384	0.87783504	0.5123	NA
B18	0.72959226	NA	0.672625	0.90238	0.6866324	NA	0.7024521	0.7783634	0.5008265	0.4212638	0.60196936	NA	0.639693	0.57562023	0.66369027	0.73419887	0.4324001	0.51049614	0.774813	0.5119115	0.6379292	0.4892114	NA	0.7953142	0.82577527	0.6597425	0.6516192	0.57031786	0.59377927	0.70422494	0.7232764	0.71310073	0.67170835	0.8411732	0.5835049	0.7255154	0.7289204	0.785304	0.6213208	0.6403824	0.7154982	0.40282425	0.89829165	0.5802137	NA
B19	0.77825475	NA	0.6822636	0.94213	0.7123069	NA	0.76055324	0.7932034	0.47080916	0.461931	0.60402167	NA	0.6649986	0.6000037	0.7404359	0.82092834	0.42465279	0.5261888	0.79490423	0.5341695	0.67993027	0.39512858	NA	0.8168562	0.93477726	0.67231196	0.67050457	0.67866224	0.63286775	0.7380693	0.74881333	0.71477276	0.73947924	0.86455065	0.64392006	0.7768532	0.75630844	0.80490804	0.6667564	0.6707305	0.7817733	0.42812	0.8378133	0.61943376	NA
B20	0.7860248	NA	0.72471166	0.90046334	0.72456914	NA	0.7661689	0.7346876	0.5010508	0.4651287	0.5968752	NA	0.6674439	0.5691012	0.68459857	0.875	0.446614	0.538612	0.795967	0.5219361	0.6725478	0.325	NA	0.78515375	0.8791972	0.6451412	0.6316618	0.5957859	0.5925476	0.7049503	0.74609	0.71127427	0.717186	0.84280264	0.5783522	0.73064244	0.7008264	0.7729456	0.6628759	0.6281406	0.74006385	0.35226962	0.79885	0.5172446	NA
B23	0.77865595	NA	0.6394097	0.93333334	0.596193	NA	0.6937469	0.7252781	0.30745718	0.4175801	0.54350287	NA	0.59901494	0.49581656	0.6697789	0.74210775	0.45667922	0.4768131	0.76424503	0.44718376	0.59525794	0.44715145	NA	0.8191525	0.8842989	0.6440519	0.5991248	0.6099477	0.57279044	0.6597542	0.70932	0.7053611	0.6938864	0.84734774	0.5863239	0.7058776	0.6766986	0.7661646	0.63875204	0.6425344	0.7115767	0.32168537	0.86784506	0.53503084	NA
B24	0.81178975	NA	0.7341122	0.90909004	0.7914469	NA	0.77293754	0.7333616	0.50588495	0.49114913	0.582064	NA	0.6724867	0.56293637	0.69722635	0.8175261	0.44437847	0.5650763	0.7852888	0.536326	0.6764241	0.6448514	NA	0.8191225	0.9063689	0.6356542	0.72509485	0.63332665	0.5986671	0.7241839	0.7268739	0.6844877	0.7462183	0.8497491	0.6014385	0.7336073	0.7343815	0.82311964	0.66151714	0.684075	0.7510996	0.36328733	0.8490084	0.5842979	NA
B25	0.68022203	NA	0.6780906	0.8666666	0.67575	NA	0.68981427	0.75452054	0.48951375	0.45818838	0.58582973	NA	0.6160952	0.4958677	0.6683182	0.6760256	0.45206589	0.49866885	0.74607587	0.51177114	0.6257321	0.3976186	NA	0.7916858	0.85940874	0.6356663	0.6140069	0.60538745	0.57101816	0.684316	0.70477086	0.6547485	0.6628672	0.82879007	0.592511	0.7337527	0.68563396	0.7825192	0.62481385	0.65740097	0.7145799	0.39536306	0.8360416	0.5494275	NA
B26	0.7900221	NA	0.71395975	0.95238	0.7357657	NA	0.71676266	0.6970977	0.3486961	0.41978395	0.54491854	NA	0.60631734	0.53177613	0.6191643	0.83780444	0.44041136	0.4978023	0.75067794	0.49664813	0.60558295	0.6004843	NA	0.820884	0.82359385	0.6377471	0.59136033	0.61977726	0.5907004	0.6849755	0.7383406	0.7174142	0.6654496	0.82250905	0.58515346	0.7335773	0.6807073	0.86554813	0.6810643	0.77231014	0.7157032	0.41744	0.8838084	0.5598821	NA
B27	0.7198832	NA	0.64387053	0.8779567	0.69826335	NA	0.7148315	0.7334315	0.3392605	0.44748256	0.56420976	NA	0.6177298	0.5384192	0.6369196	0.732355	0.4590413	0.50543666	0.74476886	0.5123745	0.6352749	0.4188857	NA	0.7727376	0.8588336	0.60362387	0.6053186	0.5389347	0.5997593	0.68793195	0.71981776	0.67117953	0.65101683	0.8323153	0.5680956	0.7387212	0.6745194	0.7228466	0.63976645	0.62422913	0.72420406	0.3384527	0.8524117	0.5253579	NA
B29	0.77068555	NA	0.68866134	0.92674	0.7209078	NA	0.71979135	0.7750313	0.42103022	0.46545553	0.58543456	NA	0.6262489	0.57217044	0.6578462	0.79159445	0.44769448	0.5618733	0.78399396	0.5548572	0.68507046	0.54262716	NA	0.8288808	0.6201116	0.6688865	0.6752652	0.61047643	0.60540634	0.71653485	0.7321546	0.7655457	0.732004	0.84533125	0.5989083	0.7393945	0.70786434	0.82421905	0.667999	0.69120723	0.76459104	0.43548077	0.8165417	0.5497325	NA
B30	0.82021844	NA	0.66116583	0.6666667	0.7313253	NA	0.6950273	0.74104726	0.30830005	0.4376043	0.5374974	NA	0.6040322	0.5237613	0.6595672	0.7901333	0.43003815	0.52342147	0.7526884	0.5011731	0.6358787	0.4433243	NA	0.78356636	0.8892958	0.63164604	0.5900843	0.6337512	0.6000789	0.69488454	0.7084313	0.6554508	0.6579472	0.84782547	0.5744512	0.7373774	0.7176161	0.8063952	0.64144164	0.696215	0.7380514	0.36814848	0.8968267	0.5964696	NA
B32	0.6984575	NA	0.70181614	0.97222334	0.74554366	NA	0.72660446	0.7457499	0.3564272	0.4679722	0.55028546	NA	0.6227939	0.5140271	0.6893378	0.77558494	0.45657727	0.52446353	0.767772	0.4902678	0.6608447	0.4650786	NA	0.7752807	0.90900666	0.6394677	0.6793786	0.6338057	0.5916017	0.7099661	0.713662	0.64916843	0.79364914	0.826027	0.5841947	0.73322415	0.6873728	0.8034125	0.64402336	0.65127957	0.7293128	0.35115466	0.84588665	0.5601754	NA
B33	0.744258	NA	0.68471247	0.93333334	0.7284819	NA	0.72390246	0.7534617	0.3485225	0.44412357	0.6006789	NA	0.6494561	0.57186365	0.65941787	0.78421503	0.44665366	0.54448754	0.7683485	0.5537478	0.6501276	0.5332057	NA	0.786374	0.8324184	0.67189056	0.6203609	0.6104234	0.66207284	0.6916377	0.7663481	0.7270847	0.8003169	0.83780354	0.61712015	0.75343484	0.7508098	0.80250925	0.6929773	0.6979729	0.77626586	0.51803154	0.92698336	0.63837045	NA
L06	0.7587109	NA	0.6844514	0.9696967	0.731901	NA	0.7433536	0.73488206	0.51078326	0.46141425	0.5747129	NA	0.60925585	0.56870633	0.65958345	0.7829367	0.4278652	0.52504784	0.7576148	0.5235928	0.63885903	0.293332	NA	0.7998424	0.7569606	0.62025315	0.670156	0.6010957	0.58479655	0.6828996	0.7081054	0.6674465	0.69025284	0.8461146	0.58668983	0.72522056	0.6867058	0.74835736	0.62570643	0.62610036	0.7175261	0.35636076	0.85322833	0.5736529	NA
L08	0.7248259	NA	0.6870736	1.0	0.7065616	NA	0.695605	0.72863626	0.30672172	0.42958185	0.57719743	NA	0.6164793	0.53267	0.66652614	0.7725694	0.44490814	0.46949273	0.72487146	0.48157012	0.61277914	0.3960533	NA	0.7902185	0.8280911	0.63735706	0.59964657	0.5958949	0.6086933	0.668757	0.70161	0.68877614	0.72174597	0.81470174	0.58289844	0.6997456	0.6910287	0.7113146	0.642062	0.6362248	0.74628717	0.39614922	0.77856493	0.5646834	NA
L09	0.7650831	NA	0.67021394	0.90195996	0.7622885	NA	0.6980035	0.75061053	0.3355879	0.45589527	0.5433074	NA	0.6234768	0.55704147	0.6571603	0.8136478	0.46003377	0.54371905	0.75183594	0.50895464	0.6436563	0.5951243	NA	0.84924155	0.85350376	0.62999564	0.60640174	0.6681673	0.5822214	0.70322555	0.7489782	0.6541392	0.7590893	0.85145116	0.59464234	0.72520787	0.6949838	0.81686276	0.6851362	0.6829703	0.72037643	0.4084158	0.89173335	0.5722475	NA
L10	0.77058524	NA	0.617525	0.9188033	0.67025125	NA	0.6099786	0.6214605	0.26429266	0.47304887	0.49934316	NA	0.5273242	0.5001576	0.58646774	0.68735504	0.4543593	0.46118078	0.6709724	0.44276476	0.5343171	0.43074432	NA	0.65831715	0.8345944	0.5565513	0.47848287	0.5178951	0.38302466	0.5166816	0.547868	0.4516258	0.4331068	0.68008655	0.38618445	0.58377284	0.5319659	0.719517	0.6377846	0.60730505	0.5960321	0.22114696	0.78282994	0.25252292	NA
L13	0.71056324	NA	0.58322304	1.0	0.62541837	NA	0.69554085	0.70051026	0.47512165	0.43003374	0.5212132	NA	0.5985781	0.51899123	0.6466908	0.83540606	0.42955786	0.49615258	0.7305867	0.5014204	0.60754853	0.50374	NA	0.8009484	0.8461208	0.6488289	0.5972237	0.57100314	0.5540671	0.6552373	0.6943264	0.7103727	0.72699875	0.8018433	0.57258475	0.71657455	0.7020955	0.8029578	0.61542696	0.68621165	0.7415582	0.31462923	0.79979163	0.51692706	NA
L14	0.7496318	NA	0.59018475	0.90000004	0.6247049	NA	0.72699845	0.70552105	0.28259015	0.44796786	0.52130115	NA	0.6086799	0.47838843	0.6431079	0.7918517	0.49133107	0.49406597	0.7440441	0.47179818	0.5960587	0.39003143	NA	0.81610864	0.8988589	0.61395806	0.60103124	0.6136521	0.54429865	0.66941863	0.7179815	0.7035657	0.67660123	0.82722723	0.5551226	0.7391311	0.7088259	0.77117205	0.643252	0.6299556	0.7044096	0.33524996	0.8871267	0.519015	NA
L15	0.8028195	NA	0.39814833	1.0	0.6690519	NA	0.73415613	0.7586862	0.5193463	0.46152052	0.64758086	NA	0.6391081	0.558858	0.70135176	0.8092961	0.43523863	0.5157249	0.7650797	0.50152	0.6536572	0.51428574	NA	0.8083705	0.859817	0.6442878	0.64494544	0.5793522	0.6087754	0.7106596	0.7190972	0.721645	0.7487295	0.834126	0.6052394	0.73680276	0.7291379	0.8127242	0.64327013	0.71201164	0.7509454	0.4207873	0.8446417	0.58719045	NA
L17	0.78406966	NA	0.67849135	0.97775334	0.72293746	NA	0.7817936	0.7880857	0.5582567	0.4755561	0.61216116	NA	0.6773697	0.6117608	0.73029804	0.84629947	0.41626754	0.5313308	0.80073136	0.544471	0.70303565	0.52778	NA	0.8068174	0.85954607	0.6728431	0.68418944	0.58119726	0.6496162	0.7472205	0.74366385	0.76111454	0.7100936	0.8541516	0.64520824	0.78437674	0.7501017	0.79035544	0.6543878	0.6300494	0.7645936	0.43365806	0.8628134	0.6472121	NA
L19	0.7833063	NA	0.6892758	0.91481334	0.74265	NA	0.7082739	0.7478488	0.3083236	0.45366186	0.57461375	NA	0.5971305	0.5225006	0.65334594	0.80742	0.46061566	0.53060687	0.7735614	0.51851535	0.6363131	0.5712586	NA	0.8547087	0.82520276	0.62791485	0.6583583	0.5639967	0.5827879	0.71638197	0.72056633	0.83240175	0.69575536	0.85408187	0.5898419	0.7651306	0.665896	0.794991	0.65494967	0.6653847	0.73299956	0.4348154	0.85069495	0.6016342	NA
L20	0.7095959	NA	0.6281753	0.85833335	0.71883994	NA	0.6139095	0.5387162	0.41734773	0.45473057	0.47315854	NA	0.48459318	0.3572741	0.5173946	0.88869053	0.42706373	0.3927366	0.6389435	0.3628816	0.47940114	0.3857143	NA	0.73013836	0.8591263	0.549071	0.4250429	0.5215494	0.45696932	0.5793324	0.63423634	0.5124346	0.42274478	0.704823	0.4443404	0.6500764	0.61512077	0.7254107	0.53101176	0.620434	0.6121509	0.32032114	0.79401666	0.430833	NA
L21	0.6992052	NA	0.6528219	0.9166667	0.7848333	NA	0.68747723	0.7485922	0.5394862	0.43596947	0.617038	NA	0.6651093	0.61614406	0.67314607	0.7990584	0.4201948	0.56650513	0.7596509	0.5777592	0.7108116	0.6923599	NA	0.7919539	0.83675724	0.68388385	0.6829266	0.6781589	0.61722666	0.6921414	0.7271427	0.65694463	0.71423686	0.78352624	0.6328337	0.7669293	0.68667644	0.8075945	0.6817297	0.7225769	0.7039559	0.54111576	0.84590673	0.6347163	NA
L22	0.76367736	NA	0.64573497	0.9583333	0.6738544	NA	0.5842337	0.5996055	0.50227475	0.46325687	0.43935797	NA	0.45362243	0.39688915	0.62133557	0.7381522	0.43313628	0.38406667	0.6002251	0.44164863	0.44261014	0.45633426	NA	0.63593733	0.8341521	0.60902476	0.46896002	0.5850533	0.33691323	0.48343655	0.54657453	0.39496037	0.4975364	0.65193665	0.39580837	0.5524726	0.5092391	0.6991096	0.49266827	0.6189284	0.5782206	0.2733496	0.63885504	0.3346692	NA
H01	0.735745	NA	0.6761177	0.5773867	0.59624153	NA	0.5808229	0.46278623	0.4721772	0.47021338	0.39314318	NA	0.4152176	0.36268616	0.48313087	0.68828166	0.43419978	0.33267546	0.5808966	0.29634866	0.37410897	0.33791572	NA	0.8232519	0.86034584	0.4897432	0.39496484	0.5871571	0.44699714	0.54706705	0.6059232	0.52565426	0.5097052	0.69147575	0.5514341	0.64595366	0.5973849	0.6458785	0.5525954	0.5247958	0.63033	0.27711886	0.7345116	0.35917	NA
H03	0.64715296	NA	0.6164731	0.8974366	0.5864507	NA	0.5143779	0.46035582	0.44853386	0.42871878	0.41325828	NA	0.40048182	0.3518688	0.4211215	0.56014717	0.3512773	0.35761738	0.5168908	0.3338683	0.36166775	0.3176971	NA	0.6563527	0.63737607	0.43187436	0.4327243	0.4171461	0.43366513	0.48888382	0.5081904	0.36012807	0.52547836	0.6543817	0.5337467	0.5284099	0.54410696	0.599166	0.55180794	0.57396907	0.5921087	0.34359884	0.68488836	0.3808229	NA
H05	0.7366129	NA	0.54246247	0.6666667	0.59115094	NA	0.43059883	0.34006524	0.35119393	0.4451799	0.2494663	NA	0.23546693	0.18648264	0.32048127	0.8035472	0.33667275	0.2328655	0.45797196	0.17435402	0.2424911	0.08888834	NA	0.6675187	0.82840306	0.3923573	0.20982601	0.51436526	0.20449303	0.33597326	0.4253043	0.2475577	0.33547562	0.576876	0.24023324	0.4214076	0.4308172	0.54867494	0.41662604	0.4064491	0.41799796	0.15245768	0.65981	0.091716185	NA
H06	0.73452383	NA	0.44575146	0.78788	0.44546756	NA	0.46132606	0.50373393	0.54140747	0.43913424	0.3274523	NA	0.41929585	0.3317749	0.5083359	0.52625495	0.42192537	0.35052946	0.54540867	0.30630732	0.4050383	0.15403	NA	0.53649735	0.8320128	0.48065302	0.37426946	0.48745373	0.26444536	0.3038755	0.3966942	0.29214075	0.38550523	0.6411383	0.25927755	0.45379853	0.42607227	0.61026275	0.37240785	0.48082966	0.39866254	0.1288227	0.71212167	0.19758248	NA
H08	0.75936455	NA	0.7127614	0.86987334	0.7432679	NA	0.7290637	0.7649793	0.4261731	0.44472852	0.619338	NA	0.6644515	0.58198345	0.71139276	0.8338067	0.46279293	0.5739784	0.7791629	0.5940729	0.6909306	0.6557542	NA	0.81887347	0.89423954	0.6799572	0.6898574	0.67526567	0.6742554	0.7434556	0.73550147	0.76883733	0.683676	0.8212157	0.64952934	0.7874004	0.75768405	0.8093906	0.69931746	0.6782646	0.756447	0.49041888	0.7974567	0.62556666	NA
H10	0.7199482	NA	0.66333216	0.9301567	0.63595957	NA	0.5521645	0.69649684	0.81436163	0.45874807	0.41725513	NA	0.49885127	0.44288877	0.56751794	0.74088883	0.3852232	0.45956522	0.6612835	0.40961173	0.47016242	0.34629145	NA	0.6419788	0.8799131	0.51284355	0.4776723	0.5750696	0.4206997	0.60767937	0.62048376	0.45575923	0.6477552	0.7681854	0.44021377	0.64606637	0.6723098	0.60151297	0.53394663	0.502661	0.6351953	0.21374498	0.8196967	0.3625346	NA
H12	0.7714975	NA	0.6914481	0.81547666	0.7244571	NA	0.7312218	0.7684851	0.50309265	0.45808032	0.5808257	NA	0.6492415	0.564281	0.6729525	0.82735664	0.4549713	0.5231412	0.793314	0.52205753	0.6590856	0.64196575	NA	0.84682024	0.8783889	0.6505051	0.67057854	0.5840798	0.5890167	0.7276896	0.7381188	0.6786931	0.6637236	0.8317283	0.6278287	0.74538845	0.7104364	0.78262013	0.6634677	0.6620011	0.75273526	0.41514346	0.82308	0.57230127	NA
H14	0.79014206	NA	0.6818	0.8833334	0.73150074	NA	0.65162	0.767389	0.5633432	0.48513892	0.6069395	NA	0.65080684	0.5555418	0.7169095	0.78359723	0.42849243	0.53297114	0.76579136	0.5235838	0.6646591	0.44542286	NA	0.82811034	0.9084354	0.6592375	0.640754	0.5720214	0.6031924	0.71318895	0.71016985	0.7942228	0.7492596	0.81259334	0.6254019	0.7341545	0.7435744	0.80889076	0.6633785	0.64540523	0.77002615	0.38373038	0.78659505	0.60827917	NA
H15	0.7362457	NA	0.6737673	0.8666666	0.6766658	NA	0.651383	0.6293206	0.333875	0.4140524	0.53742296	NA	0.5549313	0.5149422	0.5847418	0.79240274	0.44729698	0.4770683	0.6964394	0.46675527	0.5592741	0.7130643	NA	0.7594077	0.77974725	0.6006863	0.5571506	0.57447785	0.5194314	0.6383819	0.6287347	0.5962315	0.63625914	0.80899066	0.54172325	0.70043683	0.6635881	0.78780353	0.6173056	0.67570156	0.6840477	0.32125425	0.8329966	0.4809204	NA
H16	0.7742071	NA	0.672303	0.83809334	0.7548929	NA	0.74441487	0.77183396	0.30106562	0.44874713	0.64579886	NA	0.6735468	0.59707737	0.7208255	0.834215	0.46502528	0.5984742	0.77028424	0.5828247	0.6972595	0.6530271	NA	0.7927095	0.82717603	0.69561505	0.6993252	0.65440214	0.6661883	0.7532609	0.7695108	0.7226569	0.70535886	0.83631754	0.6660307	0.7939406	0.7404475	0.8318127	0.7034109	0.75197273	0.7680833	0.5691508	0.95185167	0.62933546	NA
H17	0.70025575	NA	0.5793866	0.95238	0.6274437	NA	0.6449699	0.6634777	0.46752974	0.44451794	0.5644569	NA	0.6154859	0.5477996	0.6606944	0.7716672	0.45712185	0.49763876	0.7263847	0.55188674	0.61795413	0.6491714	NA	0.7226618	0.8152906	0.6631561	0.6180603	0.5805734	0.6115558	0.6800724	0.726084	0.68812346	0.7052419	0.8084161	0.6617828	0.7357349	0.67851394	0.8102391	0.64195365	0.71352595	0.7428339	0.47678998	0.7428283	0.6185183	NA
C02	0.7455191	NA	0.56186223	0.8202367	0.5553197	NA	0.6631553	0.7360364	0.41787228	0.45279709	0.5369425	NA	0.5750348	0.5170274	0.6599242	0.74294275	0.44150233	0.48231745	0.7126801	0.5110282	0.5775779	0.58849144	NA	0.75154835	0.745295	0.63298756	0.55475396	0.4722804	0.5693314	0.6459956	0.6745124	0.6764769	0.6469872	0.759053	0.57036436	0.7068647	0.678741	0.76037467	0.61313343	0.6768338	0.63952017	0.4574173	0.81097335	0.4511887	NA
C04	0.9257368	NA	0.615623	0.8444433	0.7462583	NA	0.6855812	0.73889095	0.3611011	0.41954184	0.6363039	NA	0.6314939	0.5539569	0.67285824	0.90019387	0.5048744	0.5280568	0.7517348	0.580236	0.65184695	0.73147714	NA	0.8192711	0.82191557	0.6608291	0.6525691	0.66824645	0.70032924	0.75371784	0.7741779	0.7622085	0.7518016	0.8676617	0.6913756	0.84859383	0.77069205	0.8501892	0.7341414	0.76528937	0.7598131	0.624307	0.83791333	0.64478713	NA
C08	0.7271682	NA	0.59401613	1.0	0.71678776	NA	0.7231839	0.71490306	0.50873923	0.44888294	0.54355633	NA	0.62615925	0.5545451	0.6674729	0.78639495	0.3850621	0.5164207	0.7467103	0.51244265	0.65631187	0.40946573	NA	0.80801946	0.8274514	0.64412326	0.6272309	0.5615212	0.5619623	0.6650392	0.6887677	0.5	0.70056766	0.82045394	0.56128174	0.7154909	0.6838861	0.7725106	0.62611705	0.6940718	0.70315665	0.40173846	0.79743505	0.4599042	NA
C09	0.8100834	NA	0.7553086	1.0	0.72769254	NA	0.45507222	0.7444326	0.4854351	0.421887	0.38687658	NA	0.5959086	0.5380692	0.61985433	0.82578444	0.4257298	0.47830006	0.59505165	0.5422567	0.6287021	0.65319574	NA	0.8333048	0.84028697	0.6575368	0.5220894	0.6852381	0.44767475	0.741191	0.4904616	0.7565857	0.6878752	0.70451885	0.42100477	0.69899154	0.5064211	0.813375	0.6169436	0.6708151	0.5313434	0.38029847	0.75318664	0.36306247	NA
C12	0.8056833	NA	0.77545106	0.9632933	0.78944397	NA	0.6789252	0.7620265	0.19312248	0.44561148	0.60356	NA	0.6890889	0.5777004	0.6720347	0.8734783	0.47368398	0.5622025	0.774491	0.56271625	0.6839841	0.8025714	NA	0.86254424	0.8677133	0.7354003	0.6432506	0.65513825	0.6686056	0.76508725	0.77437043	0.79534346	0.8040916	0.8902684	0.6786244	0.7848999	0.7148265	0.9074614	0.7583563	0.8080583	0.79652673	0.49728346	0.91729665	0.66580755	NA
C13	0.687595	NA	0.69205	0.91789335	0.66470206	NA	0.4971556	0.6701952	0.60688573	0.4532063	0.46929687	NA	0.52016807	0.4676592	0.6672852	0.7374578	0.4593354	0.41875586	0.6527908	0.54527503	0.5245002	0.47675714	NA	0.81482494	0.7791839	0.65735275	0.54602593	0.56903964	0.50470614	0.57708085	0.63392615	0.6918192	0.5550636	0.7099605	0.46685413	0.5953619	0.4985204	0.83357954	0.60756165	0.7442875	0.6744332	0.3827273	0.7222217	0.41044044	NA
C14	0.7701986	NA	0.6181097	0.90353996	0.6650368	NA	0.6495918	0.59567827	0.6093981	0.47165707	0.48693374	NA	0.5699091	0.5387014	0.6401037	0.7575233	0.4499491	0.48325652	0.69849724	0.45688123	0.5347589	0.51628435	NA	0.68603677	0.90628976	0.59823847	0.54073775	0.662789	0.5932199	0.6398081	0.7605907	0.64772725	0.7376645	0.7761818	0.576062	0.705258	0.7031731	0.7907452	0.6320935	0.6620689	0.6757305	0.44238424	0.8376799	0.5493508	NA
meanN	0.83446467	NA	0.7019242	0.92069936	0.71082985	NA	0.7371722	0.77152324	0.2873803	0.41679356	0.6400028	NA	0.7016065	0.61007214	0.6985578	0.8596037	0.45870999	0.5828752	0.80592334	0.5929924	0.7207525	0.6538106	NA	0.87000674	0.8875997	0.714512	0.6902728	0.69367456	0.67688644	0.7544301	0.77089757	0.78061116	0.7614525	0.8694316	0.66995484	0.78199595	0.75257784	0.8825768	0.71175414	0.78327304	0.7851996	0.49719396	0.9189693	0.6485179	NA
meanB	0.7678897	NA	0.6857014	0.90923357	0.7064392	NA	0.715435	0.744236	0.40457585	0.447414	0.5698976	NA	0.6300928	0.54466224	0.67116046	0.77623576	0.44461402	0.51928407	0.765462	0.50485545	0.6397442	0.48324633	NA	0.8050537	0.8593027	0.6396496	0.6361894	0.6130375	0.59238094	0.69620484	0.7211499	0.7020424	0.7068229	0.8374794	0.5923223	0.73217934	0.7062815	0.79270864	0.6458442	0.66922593	0.72928923	0.39221016	0.8479185	0.55210596	NA
meanL	0.7518396	NA	0.62710994	0.94303006	0.70277447	NA	0.6899436	0.7019296	0.4183444	0.45355308	0.55008215	NA	0.59172726	0.51828176	0.6463674	0.7977236	0.44171438	0.49255243	0.72650987	0.48974136	0.6049207	0.4797298	NA	0.7785502	0.84106094	0.6244974	0.5931137	0.5897513	0.5424492	0.652116	0.68417925	0.6462856	0.64974093	0.79200584	0.54928285	0.7037867	0.6643148	0.7666972	0.6256154	0.6531794	0.6974213	0.37133327	0.81918365	0.5196087	NA
meanH	0.73688143	NA	0.6323276	0.825941	0.64668167	NA	0.6083603	0.6208113	0.4747958	0.44884178	0.48685062	NA	0.5252525	0.45793876	0.5789185	0.74201506	0.42227268	0.448775	0.66307527	0.43287915	0.5220574	0.45483893	NA	0.7358347	0.8310299	0.5687844	0.5241075	0.56563747	0.49399462	0.5945026	0.62406504	0.55727315	0.5952217	0.7501198	0.52701837	0.6538811	0.63317597	0.71238655	0.58329254	0.601416	0.6498607	0.34293005	0.77689433	0.4478861	NA
meanC	0.781712	NA	0.65891725	0.92134386	0.69503444	NA	0.62180936	0.7088805	0.45465058	0.44479766	0.5233528	NA	0.60110897	0.53537995	0.6570762	0.8033965	0.448591	0.4956157	0.7045651	0.5301195	0.60824025	0.5968918	NA	0.79650706	0.8268765	0.65520966	0.5838083	0.61060756	0.57797563	0.6839885	0.68525803	0.690023	0.69772166	0.7897283	0.56650954	0.7222086	0.6508943	0.8183194	0.6554781	0.7173464	0.68293196	0.4551652	0.8109581	0.50636303	NA
