	"CDKN2A-
(BE)
27573 bp
511 CpGs"	"TP53-
(BE)
25768 bp
525 CpGs"	"FHIT-
(BE)
1504183 bp
9123 CpGs"	"WWOX-
(BE)
1113268 bp
12700 CpGs"	"ERBB2+
(BE)
42513 bp
793 CpGs"	"RUNX1-
(LGD)
1216867 bp
10614 CpGs"	"MYC+
(HGD)
7518 bp
314 CpGs"	"SMAD4-
(HGD)
56518 bp
571 CpGs"	"VEGFA+
(EAC)
16304 bp
451 CpGs"	"GATA4+
(EAC)
83218 bp
1959 CpGs"	"GATA6+
(EAC)
35318 bp
812 CpGs"
N02	0.2819994	0.72647357	0.78384954	0.8416477	0.63535124	0.74353725	0.05004201	0.6339042	0.3830798	0.34693894	0.46041477
N03	0.27368546	0.74623394	0.839237	0.84582114	0.6590246	0.75712776	0.081849426	0.6298148	0.39405805	0.40350294	0.46174726
N04	0.31167585	0.73782694	0.8618557	0.86420166	0.5991557	0.7845824	0.066678084	0.6205346	0.39187855	0.41374788	0.4867238
N05	0.33111775	0.7246137	0.8096988	0.8419599	0.60828274	0.74977446	0.06693832	0.6143555	0.35480648	0.3955845	0.48237768
N06	0.30774915	0.7335208	0.87189794	0.8644225	0.60108393	0.7790457	0.06579302	0.6203509	0.40796825	0.41770205	0.49860147
N07	0.24374123	0.73149127	0.855973	0.8512257	0.56391305	0.76088136	0.075706564	0.6080814	0.3734524	0.38918173	0.44107574
N08	0.31910416	0.7322511	0.8675885	0.8670355	0.5892849	0.78059417	0.065693244	0.6258978	0.37605414	0.41136023	0.48076963
N09	0.26340574	0.7291555	0.85345227	0.8559679	0.5876464	0.7647102	0.06852127	0.6164549	0.3687313	0.380281	0.46799323
N10	0.30160397	0.7355292	0.8591168	0.8660933	0.611513	0.7794061	0.094872065	0.635813	0.42495668	0.4093577	0.48465055
B02	0.3800127	0.739463	0.83856606	0.8113776	0.6540141	0.7525149	0.062052093	0.6335832	0.38492045	0.5082035	0.30566496
B03	0.50201017	0.71227366	0.81786597	0.70328104	0.64074457	0.706261	0.066050515	0.61262196	0.36890116	0.54366267	0.23083839
B04	0.32325876	0.72604644	0.82532907	0.8285687	0.60661364	0.74801457	0.060861945	0.61684674	0.37724996	0.45122206	0.41060895
B06	0.37205097	0.7219156	0.82468814	0.79169697	0.64570063	0.7278277	0.069966175	0.61401665	0.37217063	0.49948534	0.2707822
B08	0.2667886	0.7313378	0.8433579	0.7952537	0.635127	0.7493686	0.06956194	0.62500226	0.3608546	0.49605528	0.24306273
B09	0.45049912	0.72709376	0.8393474	0.78126013	0.62931454	0.74879354	0.056471307	0.6191248	0.35561436	0.5278543	0.2579051
B11	0.30898342	0.74935216	0.8251976	0.83641243	0.68763125	0.76679134	0.09887271	0.6276422	0.41006625	0.4034264	0.41112313
B13	0.36899784	0.7436049	0.8414095	0.8298422	0.6363925	0.76193106	0.061184518	0.62529737	0.373887	0.49409404	0.25612712
B14	0.410018	0.73493916	0.80773807	0.802029	0.64258415	0.7286103	0.075282	0.63307536	0.36638972	0.5152143	0.2787669
B15	0.36287826	0.7330792	0.8528909	0.8011513	0.6220795	0.76177084	0.056747098	0.61965543	0.35993367	0.55678403	0.25017387
B16	0.3142191	0.73803073	0.81287014	0.8129393	0.6514222	0.7217176	0.07574468	0.6333675	0.38169193	0.45420295	0.33525229
B17	0.3108697	0.73153436	0.84369636	0.79171914	0.6191393	0.76139957	0.07360025	0.62224567	0.35541853	0.5634168	0.21795206
B18	0.46100694	0.72116107	0.8151161	0.79623884	0.6261379	0.7146384	0.06362319	0.62715125	0.36959505	0.5394438	0.26562637
B19	0.40602323	0.73197883	0.8529695	0.8089508	0.64798886	0.75200385	0.056683473	0.6306534	0.3686715	0.5378321	0.28112653
B20	0.41661942	0.72824347	0.8414966	0.7959212	0.6436766	0.7389895	0.07555166	0.626341	0.35402867	0.535294	0.27427572
B23	0.29261824	0.7268827	0.8244246	0.7967101	0.6118643	0.74670166	0.09214908	0.6186421	0.35338604	0.50894356	0.26726183
B24	0.42042646	0.7289298	0.86297154	0.8081806	0.6214493	0.76519746	0.07220004	0.62515634	0.3536993	0.5842488	0.2261569
B25	0.4277743	0.73942345	0.79323834	0.7903595	0.6582569	0.71050274	0.08927233	0.6392723	0.36355886	0.45269254	0.3462971
B26	0.3291899	0.7322564	0.8220891	0.8219402	0.6653072	0.7323527	0.070847295	0.6268525	0.3995839	0.4223109	0.4443107
B27	0.3106979	0.7333355	0.7965294	0.7868024	0.66242725	0.7191681	0.09347596	0.6214142	0.3836993	0.457858	0.32792765
B29	0.37376755	0.7320981	0.84616524	0.810888	0.627152	0.757952	0.08221444	0.6191408	0.36214608	0.51545775	0.26707992
B30	0.3211015	0.7248434	0.8279863	0.7900772	0.6269163	0.7388878	0.06940331	0.62129855	0.3513985	0.4965361	0.31637445
B32	0.34316468	0.734269	0.8232021	0.7958411	0.6393737	0.7577017	0.060897104	0.62957066	0.36246157	0.5903971	0.22815466
B33	0.3351068	0.74477285	0.80198497	0.79176164	0.6601151	0.7097907	0.1153056	0.6137456	0.36703074	0.44767064	0.36408868
L06	0.43296656	0.7294435	0.7961103	0.80440694	0.6284158	0.71659124	0.07355478	0.6228635	0.34503672	0.48985848	0.27659875
L08	0.31261706	0.7328305	0.79672956	0.7870245	0.6357205	0.7080742	0.08474812	0.62447697	0.36912566	0.51758915	0.31131983
L09	0.3195934	0.73280424	0.81227875	0.82156605	0.65531087	0.73506844	0.06911382	0.6341385	0.3738181	0.42882502	0.3603681
L10	0.2517766	0.6877474	0.73684907	0.6593067	0.5936803	0.7236188	0.0688556	0.59636056	0.33655307	0.5439598	0.17629321
L13	0.40728694	0.731762	0.80699515	0.77935547	0.6474562	0.7281509	0.07640707	0.6224511	0.37312052	0.46717718	0.3258009
L14	0.27816796	0.73754	0.84600663	0.81150657	0.62385386	0.75099105	0.07655178	0.62515146	0.36395693	0.5449734	0.22971939
L15	0.4691678	0.7311508	0.83964944	0.7929712	0.6308935	0.7474678	0.068362296	0.63349515	0.38262764	0.5189861	0.27909085
L17	0.44626603	0.7280332	0.83795613	0.80821836	0.62018144	0.7373313	0.04421736	0.6192011	0.36070007	0.51345944	0.22279264
L19	0.3092487	0.7452592	0.8422089	0.8236301	0.6569959	0.74905956	0.097454794	0.6296695	0.3974017	0.5053158	0.3407701
L20	0.36277676	0.7178619	0.8078908	0.75289106	0.6360816	0.68349737	0.07816736	0.6263023	0.37696382	0.45763364	0.21673505
L21	0.42951787	0.7201488	0.77594	0.80744356	0.65314543	0.7191668	0.05506767	0.61997384	0.3781203	0.5173294	0.3493292
L22	0.40836415	0.7133011	0.7910426	0.6859602	0.6469399	0.71661395	0.09049691	0.63280064	0.3573145	0.4588267	0.28870893
H01	0.3968882	0.7317078	0.7694668	0.6624709	0.65232164	0.7244479	0.0687263	0.6163231	0.36587793	0.4299615	0.24727358
H03	0.37275326	0.6897536	0.6685625	0.66635233	0.5914799	0.6558481	0.05425822	0.5695934	0.31715736	0.31043082	0.22518496
H05	0.38051063	0.6645731	0.7673899	0.69651353	0.518095	0.6270885	0.05742424	0.55776113	0.26879096	0.49383962	0.09035012
H06	0.42375132	0.6523128	0.7783572	0.6507548	0.5143957	0.6556437	0.042371526	0.59001666	0.29824725	0.4075666	0.15020365
H08	0.37917638	0.7425716	0.8301089	0.8332606	0.6724428	0.7473404	0.07332749	0.64157	0.39091095	0.5053755	0.28056434
H10	0.63990194	0.73492855	0.75698304	0.6757971	0.62738675	0.7433965	0.066947095	0.63180625	0.378642	0.6390263	0.20204265
H12	0.41410133	0.7450822	0.8400287	0.82174176	0.6570752	0.75721234	0.07448634	0.64545804	0.39793262	0.4575142	0.28854963
H14	0.44619256	0.71822786	0.83971775	0.81826276	0.6376781	0.7633181	0.054285638	0.6257012	0.355954	0.5912957	0.22680765
H15	0.31279454	0.72672683	0.77688515	0.7880565	0.6037065	0.7202447	0.07544752	0.62703854	0.38109615	0.41182446	0.41243267
H16	0.2960172	0.7397218	0.8150819	0.82194984	0.69663256	0.74869	0.09840088	0.6373892	0.40575224	0.45070583	0.38821974
H17	0.4081352	0.7445368	0.7640749	0.761495	0.6751522	0.70491076	0.087423794	0.64473206	0.41542557	0.4318798	0.37807778
C02	0.35583672	0.7267901	0.72225964	0.73703456	0.66403973	0.7100028	0.09038054	0.62756133	0.3607171	0.42388114	0.367083
C04	0.33183306	0.75957114	0.84368944	0.82987	0.7196082	0.7721104	0.081737734	0.6507326	0.42260283	0.45008397	0.38299248
C08	0.40659076	0.7142401	0.83865047	0.80997133	0.60741585	0.7150064	0.039294045	0.59643996	0.34011975	0.510416	0.270533
C09	0.4209364	0.7238563	0.7333462	0.8424557	0.67154896	0.73892486	0.08579754	0.6396008	0.38125667	0.49452457	0.27463055
C12	0.21264182	0.7586378	0.8598284	0.85337627	0.70654064	0.7902815	0.097258024	0.6393777	0.41701317	0.3868284	0.50643814
C13	0.52369994	0.7396886	0.7985584	0.8125109	0.6901631	0.6689762	0.10514564	0.65688705	0.40949154	0.6160423	0.40781292
C14	0.48976985	0.73946595	0.8005942	0.7157065	0.67922556	0.7378392	0.0892392	0.6485774	0.41813394	0.52139896	0.25576144
meanN	0.29267585	0.7330107	0.8447411	0.85537505	0.60613954	0.7666288	0.07067711	0.6228008	0.3861095	0.39640635	0.47381714
meanB	0.36700347	0.73195267	0.8283805	0.7991335	0.64005953	0.740787	0.073667444	0.62423825	0.3690149	0.50426275	0.29487243
meanL	0.3689792	0.7256569	0.80747145	0.77785665	0.63572294	0.7263026	0.07358313	0.623907	0.36789492	0.4969945	0.28146058
meanH	0.40638387	0.7172857	0.7824234	0.7451505	0.62239695	0.71346736	0.06846355	0.61703545	0.36143515	0.46631098	0.26270062
meanC	0.39161548	0.73746425	0.799561	0.80013216	0.6769346	0.7333059	0.084121816	0.63702524	0.39276215	0.4861679	0.35217878
