short_id	sorting_aid	clin_sex	mean_cov	cnvkit_sex	X_logratio	Y_logratio	pred_correct	include_in_heatmap
N01	aN01	F	16.18	Female	-0.383	-18.4	TRUE	FALSE
N02	aN02	M	15.29	Male	-1.28	-1.55	TRUE	FALSE
N03	aN03	M	16.84	Male	-1.37	-1.84	TRUE	FALSE
N04	aN04	M	14.12	Male	-1.36	-1.12	TRUE	FALSE
N05	aN05	M	14.74	Male	-1.31	-1.53	TRUE	FALSE
N06	aN06	M	21.01	Male	-1.29	-1.61	TRUE	FALSE
N07	aN07	F	18.15	Female	-0.293	-16.3	TRUE	FALSE
N08	aN08	M	17.34	Male	-1.29	-1.5	TRUE	FALSE
N09	aN09	M	15.57	Male	-1.43	-1.91	TRUE	FALSE
N10	aN10	M	22.89	Male	-1.25	-1.51	TRUE	FALSE
B02	bB02	M	17.41	Male	-1.26	-1.51	TRUE	TRUE
B03	bB03	M	19.45	Male	-1.23	-1.62	TRUE	TRUE
B04	bB04	M	13.93	Male	-1.29	-1.61	TRUE	TRUE
B06	bB06	M	18.07	Male	-1.24	-1.56	TRUE	TRUE
B08	bB08	M	16.40	Male	-1.31	-1.54	TRUE	TRUE
B09	bB09	M	21.45	Male	-1.28	-1.54	TRUE	TRUE
B11	bB11	M	14.04	Male	-1.29	-1.6	TRUE	TRUE
B12	bB12	M	8.55	Male	-1.61	-2.18	TRUE	FALSE
B13	bB13	F	18.53	Female	-0.281	-18.6	TRUE	TRUE
B14	bB14	M	17.74	Male	-1.29	-1.45	TRUE	TRUE
B15	bB15	M	18.14	Male	-1.3	-1.67	TRUE	TRUE
B16	bB16	M	13.08	Male	-1.28	-1.66	TRUE	TRUE
B17	bB17	M	22.53	Male	-1.29	-1.54	TRUE	TRUE
B18	bB18	M	20.65	Male	-1.31	-1.61	TRUE	TRUE
B19	bB19	M	16.10	Male	-1.36	-1.76	TRUE	TRUE
B20	bB20	M	17.77	Male	-1.28	-1.57	TRUE	TRUE
B21	bB21	M	8.94	Male	-1.65	-2.2	TRUE	FALSE
B22	bB22	M	11.43	Male	-1.25	-1.5	TRUE	FALSE
B23	bB23	M	13.78	Male	-1.34	-1.61	TRUE	TRUE
B24	bB24	M	19.62	Male	-1.29	-1.77	TRUE	TRUE
B25	bB25	M	15.04	Male	-1.27	-1.65	TRUE	TRUE
B26	bB26	M	18.74	Male	-1.31	-1.57	TRUE	TRUE
B27	bB27	M	18.79	Male	-1.27	-1.74	TRUE	TRUE
B28	bB28	M	9.20	Male	-1.55	-2.13	TRUE	FALSE
B29	bB29	M	15.79	Male	-1.28	-1.54	TRUE	TRUE
B30	bB30	M	16.35	Male	-1.34	-1.69	TRUE	TRUE
B31	bB31	M	11.76	Male	-1.28	-1.79	TRUE	FALSE
B32	bB32	M	20.71	Male	-1.27	-1.58	TRUE	TRUE
B33	bB33	F	16.14	Female	-0.396	-18.5	TRUE	TRUE
L02	cL02	M	7.21	Female	-1.84	-3.9	FALSE	FALSE
L03	cL03	M	9.28	Male	-1.56	-2.24	TRUE	FALSE
L05	cL05	M	11.02	Male	-1.56	-2.55	TRUE	FALSE
L06	cL06	M	16.27	Male	-1.31	-1.75	TRUE	TRUE
L07	cL07	M	9.42	Male	-1.6	-2.37	TRUE	FALSE
L08	cL08	M	15.31	Male	-1.32	-1.76	TRUE	TRUE
L09	cL09	M	18.35	Male	-1.28	-1.63	TRUE	TRUE
L10	cL10	F	20.06	Male	-0.698	-18.6	FALSE	TRUE
L11	cL11	M	5.25	Male	-1.73	-2.66	TRUE	FALSE
L12	cL12	M	5.99	Male	-1.52	-6.08	TRUE	FALSE
L13	cL13	M	16.36	Male	-1.34	-1.8	TRUE	TRUE
L14	cL14	M	19.80	Male	-1.27	-1.51	TRUE	TRUE
L15	cL15	M	15.84	Male	-1.28	-1.57	TRUE	TRUE
L17	cL17	M	50.90	Male	-1.25	-2.21	TRUE	TRUE
L18	cL18	M	8.76	Male	-1.32	-1.56	TRUE	FALSE
L19	cL19	M	14.54	Male	-1.27	-1.42	TRUE	TRUE
L20	cL20	M	12.84	Male	-1.44	-1.96	TRUE	TRUE
L21	cL21	M	19.83	Male	-1.11	-1.91	TRUE	TRUE
L22	cL22	M	18.47	Male	-1.21	-2.51	TRUE	TRUE
H01	dH01	M	28.71	Female	-1.18	-3	FALSE	TRUE
H02	dH02	M	7.94	Male	-1.56	-3.1	TRUE	FALSE
H03	dH03	F	16.53	Female	-0.359	-18.2	TRUE	TRUE
H04	dH04	M	8.93	Male	-1.36	-4.18	TRUE	FALSE
H05	dH05	M	16.65	Male	-1.23	-2.16	TRUE	TRUE
H06	dH06	M	14.97	Female	-1.58	-2.09	FALSE	TRUE
H08	dH08	F	16.82	Male	-0.47	-18.5	FALSE	TRUE
H09	dH09	M	5.20	Female	-1.27	-4.05	FALSE	FALSE
H10	dH10	M	19.40	Female	-1.09	-1.27	FALSE	TRUE
H11	dH11	M	11.31	Male	-1.5	-2.23	TRUE	FALSE
H12	dH12	M	18.59	Male	-1.25	-2.48	TRUE	TRUE
H13	dH13	F	6.46	Female	-0.665	-18.4	TRUE	FALSE
H14	dH14	M	15.22	Male	-1.29	-1.7	TRUE	TRUE
H15	dH15	F	14.18	Female	-0.403	-18.5	TRUE	TRUE
H16	dH16	M	17.56	Male	-1.33	-1.76	TRUE	TRUE
H17	dH17	M	15.98	Male	-1.31	-1.89	TRUE	TRUE
C02	eC02	M	18.09	Male	-1.23	-2.38	TRUE	TRUE
C03	eC03	M	4.05	Male	-1.75	-3.17	TRUE	FALSE
C04	eC04	F	18.70	Female	-0.301	-18	TRUE	TRUE
C06	eC06	M	6.62	Male	-1.37	-5.44	TRUE	FALSE
C07	eC07	M	3.15	Male	-1.46	-3.44	TRUE	FALSE
C08	eC08	M	17.95	Male	-1.43	-2.21	TRUE	TRUE
C09	eC09	M	13.27	Male	-1.2	-1.98	TRUE	TRUE
C10	eC10	M	4.06	Male	-1.57	-3.33	TRUE	FALSE
C11	eC11	M	2.75	Male	-1.73	-5.92	TRUE	FALSE
C12	eC12	M	21.39	Male	-1.32	-1.94	TRUE	TRUE
C13	eC13	M	13.28	Male	-1.58	-1.11	TRUE	TRUE
C14	eC14	M	39.45	Female	-1.46	-2.77	FALSE	TRUE
