seqnames	start	end	width	gene	B02	B03	B04	B06	B08	B09	B11	B13	B14	B15	B16	B17	B18	B19	B20	B23	B24	B25	B26	B27	B29	B30	B32	B33	L06	L08	L09	L10	L13	L14	L15	L17	L19	L20	L21	L22	H01	H03	H05	H06	H08	H10	H12	H14	H15	H16	H17	C02	C04	C08	C09	C12	C13	C14	cn0	cn1	cn2	cn3	cn4	cndel	cnamp
chr15	21289523	21309733	20211	LOC646214	4	2	2	2	2	2	1	1	3	2	3	3	3	3	3	2	4	3	2	2	3	3	1	1	2	3	4	4	2	2	4	2	1	1	1	3	2	2	3	3	2	3	3	2	2	2	2	3	2	2	3	2	1	0	1	8	23	17	5	9	22
chr15	20269039	20289358	20320	CHEK2P2	4	2	3	2	2	2	1	2	3	2	3	3	3	3	2	2	4	3	2	2	3	3	2	1	2	3	2	4	2	2	4	2	1	1	1	3	2	2	3	3	2	3	3	2	2	2	2	3	2	2	3	2	1	0	1	6	26	17	4	7	21
chr15	21362373	21382221	19849	CXADRP2	4	2	2	2	2	2	1	1	3	2	3	3	3	3	3	2	4	3	2	2	3	3	1	1	2	3	4	4	2	2	4	2	1	1	1	3	2	2	1	3	2	3	3	2	2	2	2	3	2	2	3	2	1	0	1	9	23	16	5	10	21
chr15	21003993	21024736	20744	FAM30C	4	2	3	2	2	2	1	1	3	2	3	3	3	3	2	2	4	3	2	2	3	3	1	1	2	3	2	4	2	2	4	2	1	1	1	3	2	2	3	3	2	3	3	2	2	2	2	3	2	2	3	2	1	0	1	8	24	17	4	9	21
chr15	20526161	20546500	20340	GOLGA6L6	4	2	3	2	2	2	1	2	3	2	3	3	3	3	2	2	4	3	2	2	3	3	2	1	2	3	2	4	2	2	4	2	1	1	1	3	2	2	3	3	2	3	3	2	2	2	2	3	2	2	3	2	1	0	1	6	26	17	4	7	21
chr15	20546501	20566840	20340	GOLGA8CP	4	2	3	2	2	2	1	2	3	2	3	3	3	3	2	2	4	3	2	2	3	3	2	1	2	3	2	4	2	2	4	2	1	1	1	3	2	2	3	3	2	3	3	2	2	2	2	3	2	2	3	2	1	0	1	6	26	17	4	7	21
chr15	20404123	20424461	20339	HERC2P3	4	2	3	2	2	2	1	2	3	2	3	3	3	3	2	2	4	3	2	2	3	3	2	1	2	3	2	4	2	2	4	2	1	1	1	3	2	2	3	3	2	3	3	2	2	2	2	3	2	2	3	2	1	0	1	6	26	17	4	7	21
chr15	20941758	20962502	20745	LINC01193	4	2	3	2	2	2	1	1	3	2	3	3	3	3	2	2	4	3	2	2	3	3	1	1	2	3	2	4	2	2	4	2	1	1	1	3	2	2	3	3	2	3	3	2	2	2	2	3	2	2	3	2	1	0	1	8	24	17	4	9	21
chr15	20668540	20688879	20340	NBEAP1	4	2	3	2	2	2	1	1	3	2	3	3	3	3	2	2	4	3	2	2	3	3	2	1	2	3	2	4	2	2	4	2	1	1	1	3	2	2	3	3	2	3	3	2	2	2	2	3	2	2	3	2	1	0	1	7	25	17	4	8	21
chr17	16751615	16771617	20003	CCDC144A	4	3	2	2	2	2	3	3	3	2	2	3	2	2	2	4	3	3	3	3	2	2	3	2	2	2	3	1	4	4	2	1	3	2	2	2	1	1	2	3	1	1	1	3	2	2	3	2	2	2	3	2	2	5	0	7	26	16	4	7	20
chr17	16811625	16831627	20003	KRT16P2	4	3	2	2	2	2	3	3	3	2	2	3	2	2	2	4	3	3	3	3	2	2	3	2	2	2	3	1	4	4	2	1	3	2	2	2	1	1	2	3	1	1	1	3	2	2	3	2	2	2	3	2	2	5	0	7	26	16	4	7	20
chr17	16791621	16811624	20004	USP32P1	4	3	2	2	2	2	3	3	3	2	2	3	2	2	2	4	3	3	3	3	2	2	3	2	2	2	3	1	4	4	2	1	3	2	2	2	1	1	2	3	1	1	1	3	2	2	3	2	2	2	3	2	2	5	0	7	26	16	4	7	20
chr15	21421920	21441768	19849	POTEB3	4	2	2	2	2	2	1	1	3	2	3	3	2	3	3	2	4	3	2	2	3	2	1	1	2	3	4	4	2	2	4	2	1	1	1	3	2	2	1	3	2	3	3	2	2	2	2	3	2	2	3	2	1	0	1	9	25	14	5	10	19
chr15	21541015	21560864	19850	LINC02203	4	2	2	2	2	2	1	1	1	2	3	3	2	3	3	2	4	3	2	2	3	2	1	1	2	3	4	4	2	2	4	2	1	1	2	3	2	2	2	3	2	3	3	2	2	2	2	3	2	2	3	2	1	0	1	8	27	13	5	9	18
chr15	21720370	21739604	19235	LOC642131	4	2	2	2	2	2	1	1	1	2	3	3	2	3	3	2	4	3	2	2	3	2	1	1	2	3	4	4	2	2	4	2	2	1	2	3	2	2	2	3	2	3	3	2	2	2	2	3	2	2	3	2	1	0	1	7	28	13	5	8	18
chr15	21481468	21501316	19849	NF1P2	4	2	2	2	2	2	1	1	1	2	3	3	2	3	3	2	4	3	2	2	3	2	1	1	2	3	4	4	2	2	4	2	1	1	1	3	2	2	1	3	2	3	3	2	2	2	2	3	2	2	3	2	1	0	1	10	25	13	5	11	18
chr15	21854534	21870287	15754	POTEB	4	2	2	2	2	2	1	1	1	2	3	3	2	3	3	2	4	3	2	2	3	2	1	1	2	3	1	4	2	2	4	2	2	1	0	3	2	2	2	3	2	3	3	2	2	2	2	3	2	2	3	2	1	0	2	8	27	13	4	10	17
