emseq_sample_no	Adipocytes	Bladder-Ep	Blood-B	Blood-Granul	Blood-Mono+Macro	Blood-NK	Blood-T	Bone-Osteob	Breast-Basal-Ep	Breast-Luminal-Ep	Colon-Ep	Colon-Fibro	Dermal-Fibro	Endothelium	Epid-Kerat	Eryth-prog	Fallopian-Ep	Gallbladder	Gastric-Ep	Head-Neck-Ep	Heart-Cardio	Heart-Fibro	Kidney-Ep	Liver-Hep	Lung-Ep-Alveo	Lung-Ep-Bron	Neuron	Oligodend	Ovary+Endom-Ep	Pancreas-Acinar	Pancreas-Alpha	Pancreas-Beta	Pancreas-Delta	Pancreas-Duct	Prostate-Ep	Skeletal-Musc	Small-Int-Ep	Smooth-Musc	Thyroid-Ep
02	0.002	0.500	14.706	0.055	0.182	0.082	15.642	6.558	0.027	0.061	15.121	0.000	0.371	2.437	0.109	1.490	0.084	0.344	2.290	0.161	0.024	1.755	0.025	0.092	0.032	0.018	0.016	0.034	0.279	0.438	0.047	0.016	0.014	0.005	0.171	0.008	36.351	0.433	0.020
03	0.128	0.422	18.138	0.178	4.439	0.196	13.171	1.384	0.056	0.130	13.235	0.000	1.109	1.374	0.126	0.058	0.247	4.108	13.270	0.283	0.033	0.677	0.041	0.244	0.061	0.055	0.012	0.078	7.729	0.132	0.052	0.027	0.019	0.095	0.643	0.017	18.004	0.000	0.025
04	0.085	0.491	0.777	0.057	0.295	0.130	17.111	4.605	0.037	0.251	18.404	0.000	6.436	1.380	0.076	0.030	0.138	2.360	14.452	0.188	0.014	2.883	0.033	0.117	0.039	0.034	0.003	0.052	9.859	0.758	0.079	0.042	0.048	0.066	0.650	0.024	17.968	0.008	0.021
05	0.132	0.118	18.550	0.098	0.757	0.157	30.756	0.353	0.093	0.658	0.114	0.000	0.485	1.787	0.229	0.037	0.273	0.185	9.468	33.667	0.020	0.230	0.024	0.050	0.041	0.061	0.027	0.043	0.406	0.110	0.028	0.045	0.037	0.138	0.151	0.029	0.607	0.000	0.036
06	0.002	0.525	21.131	0.021	0.124	0.087	15.335	6.897	0.028	0.127	13.918	0.000	0.565	1.741	0.209	0.833	0.128	0.620	13.237	0.065	0.011	1.196	0.040	0.048	0.064	0.080	0.006	0.028	8.457	0.541	0.125	0.034	0.028	0.078	0.172	0.009	12.776	0.691	0.022
07	0.075	0.248	0.563	0.085	0.422	0.095	14.672	2.214	0.071	1.548	13.050	0.000	0.955	1.205	0.259	0.016	0.114	0.805	15.253	25.320	0.023	1.604	0.027	0.163	0.045	0.049	0.013	0.033	9.085	0.777	0.058	0.036	0.008	0.042	0.119	0.011	10.761	0.158	0.019
08	0.070	0.194	0.211	3.205	1.019	0.061	20.731	1.849	0.033	2.654	21.693	0.000	1.024	0.868	0.054	0.007	0.113	0.598	17.835	0.174	0.020	1.565	0.038	0.205	0.026	0.047	0.005	0.039	10.417	1.637	0.238	0.067	0.121	0.062	0.929	0.000	11.906	0.255	0.028
09	0.018	0.031	8.645	0.041	0.270	0.089	39.719	0.186	0.064	0.051	0.009	0.000	0.514	0.959	0.197	0.021	0.104	0.028	0.005	48.674	0.012	0.085	0.017	0.029	0.012	0.021	0.007	0.038	0.036	0.027	0.009	0.022	0.005	0.015	0.017	0.007	0.012	0.000	0.007
10	0.037	0.600	9.430	0.104	0.571	0.148	19.455	4.322	0.053	0.164	18.128	0.000	1.584	1.796	0.166	0.152	0.177	8.267	8.277	0.127	0.038	1.316	0.061	0.154	0.045	0.094	0.011	0.052	1.025	0.433	0.054	0.060	0.043	0.113	0.458	0.030	22.390	0.018	0.045
11	0.393	0.469	2.054	0.138	12.763	0.183	24.289	2.521	0.040	0.338	14.367	0.000	8.287	1.443	0.057	0.025	0.246	4.502	4.980	0.188	0.021	1.593	0.028	0.147	0.077	0.042	0.017	0.055	1.293	0.129	0.119	0.043	0.049	0.103	0.293	0.016	18.647	0.000	0.048
12	0.000	0.936	0.089	0.016	0.066	0.021	6.897	11.156	0.007	0.024	24.773	0.000	0.181	3.164	0.152	5.577	0.058	0.199	2.338	0.072	0.011	5.666	0.015	0.046	0.023	0.006	0.003	0.015	0.359	0.463	0.055	0.019	0.021	0.001	0.422	0.014	27.412	9.712	0.008
14	0.017	0.038	0.019	0.026	0.105	0.050	6.578	0.056	0.205	0.248	0.008	0.000	0.039	0.713	3.851	0.005	0.101	0.025	0.007	87.635	0.012	0.019	0.003	0.012	0.008	0.006	0.006	0.016	0.097	0.023	0.007	0.013	0.000	0.012	0.020	0.001	0.010	0.000	0.006
15	0.000	13.415	0.107	0.115	0.107	0.312	8.376	2.918	0.070	0.150	10.788	0.000	0.435	6.507	0.411	4.458	0.043	0.708	12.726	8.390	0.038	8.007	0.208	0.173	0.056	0.218	0.134	0.037	9.797	0.435	0.047	0.011	0.028	0.011	0.000	0.019	10.706	0.000	0.041
16	0.014	0.194	0.962	0.011	0.157	0.037	7.060	0.141	0.117	0.598	0.143	0.000	0.129	1.180	0.662	0.010	0.095	0.182	0.108	87.206	0.007	0.039	0.011	0.021	0.012	0.016	0.004	0.015	0.360	0.027	0.008	0.014	0.010	0.015	0.070	0.005	0.354	0.000	0.006
18	0.009	0.035	0.018	0.036	5.203	0.149	7.520	0.004	0.162	0.359	0.010	0.000	0.023	0.210	0.060	0.002	0.273	0.038	0.006	85.720	0.011	0.004	0.006	0.014	0.017	0.004	0.005	0.021	0.008	0.006	0.008	0.009	0.003	0.019	0.012	0.002	0.003	0.000	0.009
21	0.053	0.389	0.250	0.044	0.807	0.092	18.217	8.078	0.026	0.124	23.021	0.000	2.043	1.656	0.063	0.045	0.089	0.222	0.981	0.146	0.007	2.177	0.023	0.077	0.027	0.017	0.006	0.055	0.785	0.281	0.066	0.030	0.016	0.034	0.124	0.015	38.328	1.567	0.016
22	0.043	6.375	0.116	0.155	0.176	0.054	9.873	1.644	0.024	0.086	11.625	0.000	0.252	1.762	0.292	0.244	0.076	9.988	12.722	18.106	0.007	0.838	0.020	0.045	0.036	0.034	0.011	0.021	7.720	0.370	0.039	0.013	0.016	0.045	0.130	0.004	17.022	0.003	0.015
23	39.485	0.091	0.313	0.137	26.113	0.441	1.278	0.079	0.151	1.494	0.109	0.000	16.674	0.763	0.059	0.015	6.153	0.366	0.236	0.190	0.098	0.675	0.173	0.122	0.129	0.083	0.164	0.345	0.132	0.051	0.071	0.069	0.072	3.073	0.308	0.077	0.091	0.000	0.121
24	0.000	1.804	0.752	0.093	0.077	0.071	1.143	11.897	0.024	0.103	0.251	0.000	3.368	8.114	0.473	21.761	0.104	0.515	15.875	0.193	0.027	17.902	0.240	0.089	0.091	0.016	0.021	0.064	7.823	6.371	0.146	0.076	0.015	0.002	0.125	0.032	0.263	0.000	0.080
25	0.000	1.473	0.148	0.144	0.095	0.161	0.259	9.558	0.098	0.123	0.683	0.000	2.282	10.156	0.741	23.422	0.102	0.856	15.337	0.192	0.058	10.936	0.491	0.129	0.154	0.033	0.180	0.148	7.087	7.326	0.093	0.081	0.022	0.031	0.158	0.094	6.981	0.000	0.166
26	0.002	0.103	0.042	0.029	0.217	0.038	22.708	0.980	0.215	0.139	0.014	0.000	0.060	1.445	5.190	0.113	0.034	0.034	0.011	68.049	0.011	0.105	0.006	0.025	0.010	0.021	0.015	0.022	0.189	0.049	0.015	0.019	0.000	0.008	0.042	0.001	0.017	0.005	0.014
27	0.036	0.024	0.019	0.044	0.155	0.073	0.449	0.011	0.194	0.479	0.017	0.000	0.009	0.472	0.457	0.002	0.176	0.070	0.009	96.878	0.013	0.005	0.010	0.018	0.038	0.083	0.017	0.033	0.051	0.013	0.010	0.016	0.008	0.012	0.067	0.003	0.015	0.000	0.016
28	13.534	0.307	0.420	0.174	15.345	0.184	18.571	1.959	0.073	0.218	0.617	0.082	16.757	1.813	0.087	0.031	0.315	0.696	12.395	0.316	0.051	10.643	0.040	0.165	0.110	0.044	0.060	0.206	3.058	0.209	0.092	0.117	0.006	0.339	0.242	0.125	0.564	0.000	0.032
29	0.009	0.416	0.599	0.038	0.208	0.064	12.768	0.381	0.025	5.852	17.283	0.000	0.677	0.669	0.059	0.009	0.368	9.684	20.726	0.139	0.023	0.249	0.015	0.157	0.065	0.029	0.008	0.033	8.429	0.160	0.065	0.013	0.043	0.097	4.675	0.007	15.932	0.000	0.022
31	0.214	0.044	7.217	0.387	8.582	0.126	13.925	0.093	0.231	0.269	0.013	0.000	0.162	0.733	0.129	0.010	0.125	0.041	0.017	67.118	0.025	0.102	0.025	0.033	0.022	0.027	0.008	0.035	0.055	0.027	0.018	0.024	0.014	0.035	0.063	0.002	0.020	0.000	0.031
33	0.032	0.371	32.694	0.082	1.403	0.111	26.517	10.292	0.051	0.080	0.436	0.000	5.648	2.887	0.111	2.684	0.185	0.491	9.473	0.167	0.021	2.392	0.044	0.073	0.032	0.094	0.006	0.090	1.526	0.445	0.107	0.048	0.013	0.132	0.127	0.016	0.390	0.698	0.033
34	0.004	0.498	8.517	9.210	0.205	0.111	12.414	12.602	0.034	0.049	0.924	0.000	2.464	8.688	0.431	23.069	0.048	0.196	0.048	0.218	0.040	13.453	0.133	0.125	0.066	0.022	0.018	0.078	0.403	0.772	0.059	0.075	0.018	0.012	0.137	0.009	4.802	0.000	0.046
35	0.079	0.174	8.378	0.171	0.527	0.080	10.815	0.821	0.063	0.231	0.061	0.000	0.869	1.601	0.368	0.078	0.128	0.220	0.112	73.437	0.026	0.520	0.030	0.065	0.019	0.033	0.010	0.042	0.317	0.134	0.042	0.030	0.009	0.020	0.055	0.015	0.397	0.000	0.023
36	0.003	1.263	0.165	0.091	0.043	0.018	0.535	1.897	0.042	0.034	11.719	0.000	0.088	2.359	0.169	3.406	0.009	0.233	0.033	0.161	0.023	0.236	0.064	0.233	0.091	0.033	0.068	0.027	12.549	1.155	0.000	0.040	0.000	0.003	0.000	0.067	63.099	0.014	0.029
37	0.025	0.517	3.815	0.100	0.235	0.068	16.533	1.502	0.020	0.323	24.931	0.000	0.872	1.186	0.058	0.018	0.202	2.334	14.527	0.181	0.006	0.836	0.016	0.077	0.025	0.017	0.009	0.036	4.868	0.192	0.116	0.059	0.082	0.070	0.870	0.010	25.234	0.000	0.029
38	0.001	0.024	0.020	0.037	0.211	0.121	6.674	0.013	0.379	0.954	0.012	0.000	0.015	0.225	0.240	0.000	0.583	0.058	0.011	90.140	0.015	0.003	0.013	0.015	0.023	0.009	0.004	0.018	0.038	0.010	0.005	0.010	0.005	0.017	0.074	0.001	0.004	0.000	0.019
39	0.000	0.978	14.990	0.057	0.120	0.135	14.593	9.766	0.043	0.024	0.569	0.000	0.584	8.720	0.349	17.769	0.046	0.330	7.925	0.155	0.037	3.633	0.104	0.095	0.047	0.022	0.051	0.055	0.686	3.054	0.033	0.095	0.005	0.015	0.042	0.114	14.428	0.285	0.044
40	0.010	0.564	31.139	0.059	0.162	0.170	18.293	8.984	0.067	0.037	0.296	0.000	1.098	6.064	0.138	17.371	0.082	0.424	8.998	0.177	0.038	2.447	0.054	0.090	0.041	0.031	0.014	0.047	0.818	1.204	0.022	0.053	0.023	0.040	0.015	0.030	0.585	0.261	0.054
41	0.024	0.534	9.432	0.028	0.235	0.102	12.218	8.105	0.019	0.148	13.569	0.000	1.050	1.520	0.092	0.039	0.142	6.897	17.934	0.220	0.009	1.923	0.012	0.056	0.025	0.039	0.010	0.043	8.329	0.788	0.058	0.010	0.016	0.052	0.203	0.002	15.293	0.805	0.016
43	0.038	0.719	17.376	0.114	0.868	0.175	24.649	10.577	0.059	0.086	2.262	0.000	1.871	2.638	0.131	1.780	0.172	3.874	11.061	0.188	0.029	7.896	0.037	0.133	0.048	0.042	0.022	0.069	1.189	0.504	0.061	0.049	0.029	0.073	0.102	0.004	10.581	0.454	0.037
44	0.000	0.817	0.095	82.494	0.224	0.101	8.470	0.817	0.028	0.050	0.239	0.000	0.076	1.528	0.197	1.209	0.076	0.177	0.101	0.974	0.023	0.421	0.047	0.076	0.045	0.024	0.018	0.031	0.120	0.151	0.028	0.038	0.009	0.009	0.093	0.018	1.131	0.022	0.023
45	13.312	0.065	24.543	0.092	10.796	0.171	25.225	1.275	0.069	0.448	0.155	0.170	11.880	1.374	0.033	0.016	0.336	0.318	6.575	0.166	0.028	1.365	0.021	0.110	0.035	0.073	0.020	0.082	0.316	0.062	0.051	0.061	0.049	0.252	0.074	0.054	0.269	0.020	0.040
46	0.019	0.605	16.328	0.055	0.463	0.069	30.002	10.623	0.015	0.078	0.621	0.000	4.337	2.965	0.103	1.087	0.094	0.610	18.116	0.415	0.020	8.563	0.034	0.071	0.052	0.073	0.012	0.043	1.566	0.539	0.063	0.070	0.021	0.108	0.045	0.012	0.875	1.181	0.047
47	0.160	0.186	25.200	0.066	0.480	0.231	19.456	3.878	0.191	0.401	0.666	0.000	6.499	2.899	0.284	0.508	0.301	0.403	3.199	29.976	0.037	1.721	0.080	0.117	0.045	0.139	0.075	0.173	0.798	0.452	0.122	0.073	0.068	0.116	0.369	0.051	0.500	0.008	0.075
48	0.000	1.452	0.086	0.411	0.030	0.066	0.243	10.224	0.060	0.038	2.363	0.000	0.243	11.188	1.624	32.068	0.031	0.768	11.206	0.300	0.042	2.451	0.155	0.093	0.095	0.006	0.227	0.057	6.972	7.820	0.067	0.055	0.000	0.007	0.005	0.024	9.389	0.001	0.132
49	0.056	0.732	0.202	0.158	0.342	0.292	16.468	1.368	0.044	0.327	21.444	0.000	1.646	1.844	0.186	0.076	0.326	8.914	7.765	0.466	0.028	0.830	0.053	0.130	0.085	0.036	0.039	0.075	8.121	0.504	0.071	0.043	0.004	0.028	0.212	0.028	27.001	0.007	0.049
50	0.110	0.465	15.481	0.302	3.598	0.219	20.122	2.741	0.178	0.164	2.468	0.000	1.114	3.259	0.213	1.365	0.180	0.483	0.190	32.404	0.039	1.233	0.060	0.117	0.084	0.180	0.067	0.159	0.467	0.248	0.055	0.094	0.014	0.057	0.172	0.035	11.764	0.000	0.099
51	0.000	0.172	0.161	0.336	0.042	0.043	0.173	0.332	0.061	0.000	0.055	0.000	0.065	23.492	0.126	73.593	0.000	0.215	0.073	0.024	0.030	0.012	0.025	0.043	0.042	0.000	0.093	0.039	0.043	0.248	0.000	0.026	0.003	0.000	0.005	0.003	0.382	0.000	0.041
52	0.093	0.355	0.739	0.252	0.348	0.229	22.270	1.375	0.119	0.351	18.104	0.000	3.805	1.669	0.102	0.042	0.254	8.390	16.710	0.142	0.068	0.911	0.064	0.330	0.086	0.075	0.021	0.136	5.127	0.300	0.133	0.085	0.087	0.106	0.641	0.026	16.394	0.000	0.059
53	0.024	4.762	0.339	0.017	0.138	0.035	6.243	1.083	0.028	0.015	11.440	0.015	2.316	11.995	0.116	21.941	0.034	0.398	16.911	0.046	0.004	0.438	0.013	0.031	0.037	0.012	0.014	0.043	0.241	0.069	0.031	0.015	0.017	0.012	0.022	0.000	20.922	0.159	0.025
54	0.010	0.133	18.333	0.055	0.632	0.116	18.580	0.860	0.030	0.143	7.980	0.000	0.897	1.142	0.045	0.022	0.095	0.254	0.461	0.047	0.023	0.681	0.022	0.155	0.031	0.015	0.014	0.030	0.269	0.098	0.021	0.032	0.005	0.080	0.067	0.003	48.593	0.000	0.028
55	0.004	0.497	22.994	0.167	0.226	0.115	24.440	6.788	0.025	0.197	4.267	0.000	0.767	2.436	0.086	2.663	0.096	0.595	12.205	0.164	0.021	3.336	0.021	0.084	0.051	0.042	0.009	0.043	3.145	1.323	0.066	0.030	0.029	0.066	0.077	0.001	12.305	0.591	0.029
56	0.029	0.630	0.706	0.058	0.206	0.064	12.972	5.286	0.026	0.438	15.700	0.000	0.866	1.293	0.107	0.039	0.180	8.373	21.313	0.203	0.021	3.151	0.032	0.140	0.062	0.033	0.005	0.042	10.365	0.591	0.050	0.023	0.017	0.066	0.157	0.007	16.719	0.000	0.032
57	7.475	0.472	0.422	0.399	9.860	0.143	22.374	1.986	0.056	3.437	5.581	0.000	8.897	1.614	0.192	0.034	0.292	8.854	9.403	0.129	0.041	3.675	0.065	0.343	0.077	0.107	0.028	0.104	9.728	0.232	0.248	0.098	0.126	0.182	0.502	0.049	2.738	0.000	0.037
58	0.031	0.478	10.242	0.085	0.333	0.097	16.860	1.682	0.063	0.314	1.017	0.000	1.135	1.722	0.372	0.064	0.193	0.543	23.765	36.752	0.029	1.311	0.040	0.077	0.056	0.083	0.017	0.048	1.194	0.325	0.052	0.043	0.010	0.076	0.197	0.011	0.649	0.000	0.032
59	0.015	0.324	24.784	20.947	8.579	0.203	20.064	2.152	0.090	0.125	0.115	0.000	2.112	5.185	0.193	3.472	0.195	0.299	1.110	0.064	0.074	7.741	0.240	0.186	0.059	0.036	0.069	0.113	0.251	0.417	0.053	0.066	0.025	0.119	0.042	0.070	0.297	0.018	0.097
60	0.014	0.182	20.126	0.119	3.427	0.117	26.936	5.862	0.049	0.079	4.657	0.000	1.303	2.377	0.072	0.661	0.117	0.383	5.644	0.141	0.020	1.959	0.037	0.120	0.051	0.089	0.005	0.063	0.497	0.218	0.080	0.066	0.024	0.066	0.131	0.019	24.253	0.004	0.034
61	0.063	0.360	21.661	0.130	0.287	0.078	17.150	8.967	0.047	0.150	12.929	0.000	2.484	3.018	0.133	2.346	0.194	0.626	8.751	0.216	0.023	3.392	0.060	0.118	0.077	0.125	0.027	0.046	3.582	0.427	0.132	0.042	0.048	0.062	0.188	0.024	11.563	0.439	0.032
62	0.029	5.470	3.570	16.208	0.677	0.189	24.543	4.517	0.046	0.532	9.527	0.000	0.851	2.248	0.342	0.420	0.204	3.306	9.148	1.613	0.038	2.166	0.075	0.094	0.090	0.041	0.028	0.038	9.435	0.745	0.053	0.026	0.014	0.094	0.149	0.035	3.411	0.000	0.028
63	0.008	2.365	0.799	0.162	0.249	0.075	20.678	11.774	0.034	0.307	0.966	0.000	1.270	2.616	0.419	3.012	0.121	0.293	0.111	0.107	0.022	16.800	0.318	1.856	0.051	0.011	0.036	0.079	9.863	11.321	0.171	0.072	0.016	0.022	0.736	0.095	12.619	0.501	0.043
64	0.000	0.487	5.951	0.032	0.132	0.052	12.991	3.213	0.032	0.433	18.695	0.000	0.930	1.346	0.110	0.059	0.147	1.858	19.232	0.108	0.023	3.288	0.045	0.203	0.050	0.051	0.012	0.036	11.810	0.733	0.090	0.034	0.032	0.027	0.238	0.014	17.415	0.058	0.032
65	0.933	0.334	12.947	0.133	14.993	0.158	27.278	3.294	0.034	0.369	1.166	0.000	11.134	1.763	0.059	0.029	0.219	0.352	19.008	0.148	0.016	1.642	0.022	0.080	0.046	0.072	0.024	0.044	0.750	0.155	0.171	0.020	0.048	0.077	0.267	0.020	2.035	0.140	0.022
66	0.000	6.534	0.116	0.012	0.035	0.021	0.199	10.916	0.010	0.038	10.788	0.000	0.167	5.804	0.244	15.389	0.039	0.652	20.998	0.295	0.006	8.531	0.093	0.069	0.043	0.011	0.019	0.041	3.194	5.767	0.103	0.006	0.033	0.032	0.309	0.011	9.076	0.359	0.039
67	0.000	0.708	0.409	0.490	0.042	0.050	0.452	13.026	0.044	0.111	0.285	0.000	0.567	15.071	0.448	53.276	0.069	0.577	0.611	0.108	0.041	9.181	0.157	0.159	0.100	0.130	0.072	0.177	0.415	1.366	0.078	0.141	0.015	0.015	0.061	0.025	1.435	0.000	0.086
68	0.000	2.817	8.480	0.320	0.166	0.067	12.833	2.110	0.024	0.074	0.561	0.000	0.234	2.266	0.115	5.842	0.051	0.512	42.966	0.218	0.020	3.893	0.062	0.078	0.085	0.021	0.008	0.031	5.022	2.642	0.027	0.017	0.015	0.049	0.001	0.002	8.348	0.000	0.020
69	0.000	0.560	0.122	0.030	0.012	0.014	0.165	8.904	0.012	0.001	0.219	0.000	0.117	8.665	0.201	43.405	0.015	0.817	21.732	0.133	0.004	10.318	0.039	0.085	0.043	0.017	0.001	0.030	0.153	3.685	0.035	0.010	0.000	0.000	0.007	0.000	0.224	0.188	0.036
70	0.003	0.014	0.018	0.058	0.826	0.174	7.983	0.008	0.146	0.507	0.010	0.000	0.025	0.177	0.090	0.006	0.168	0.033	0.009	89.433	0.019	0.004	0.006	0.023	0.016	0.013	0.011	0.024	0.036	0.012	0.012	0.009	0.006	0.023	0.070	0.002	0.007	0.000	0.020
71	0.003	0.546	10.827	0.172	0.124	0.046	14.734	7.188	0.055	0.048	18.973	0.000	0.336	5.929	0.356	7.481	0.042	0.563	0.764	11.508	0.014	0.638	0.030	0.079	0.068	0.049	0.050	0.059	0.560	6.884	0.029	0.124	0.013	0.015	0.086	0.000	9.912	1.654	0.039
72	0.713	0.663	0.135	0.118	4.120	0.207	17.816	0.353	0.095	0.271	23.897	0.000	1.453	1.652	0.177	0.025	0.320	7.389	3.857	0.252	0.028	0.275	0.052	0.155	0.130	0.040	0.126	0.141	12.974	0.150	0.047	0.024	0.017	0.054	0.882	0.025	21.338	0.000	0.028
73	0.119	0.908	0.822	0.329	0.826	0.190	24.588	7.976	0.106	0.277	0.190	0.000	13.321	8.033	0.379	3.535	0.169	1.235	0.783	0.097	0.065	19.379	1.427	1.719	0.234	0.043	0.238	0.209	0.780	0.911	0.631	0.132	0.060	0.117	0.555	0.278	9.166	0.000	0.173
74	0.000	0.504	10.876	0.071	0.077	0.106	8.421	11.412	0.068	0.094	0.214	0.000	0.358	6.163	0.204	17.639	0.072	0.192	18.888	7.801	0.025	10.094	0.057	0.096	0.049	0.100	0.010	0.051	3.289	2.189	0.131	0.049	0.019	0.035	0.021	0.003	0.550	0.009	0.066
75	0.000	2.245	0.062	0.042	0.015	0.045	0.144	11.282	0.022	0.028	0.427	0.000	0.591	11.058	0.374	47.988	0.076	0.833	3.907	0.183	0.023	10.817	0.151	0.129	0.039	0.017	0.006	0.063	0.467	6.430	0.045	0.116	0.000	0.026	0.052	0.015	2.204	0.000	0.078
76	18.670	0.168	0.146	0.137	21.253	0.267	14.676	1.613	0.062	0.335	8.141	0.411	15.621	0.978	0.051	0.002	0.217	0.373	0.263	0.064	0.026	0.725	0.026	0.278	0.028	0.059	0.023	0.166	0.415	0.043	0.104	0.013	0.057	0.091	2.596	0.026	11.839	0.000	0.038
77	0.038	0.613	15.609	9.374	12.040	0.089	22.042	1.465	0.030	0.017	6.397	0.000	1.495	10.101	0.111	16.546	0.090	0.406	0.325	0.151	0.043	0.952	0.031	0.072	0.033	0.030	0.028	0.061	0.116	0.138	0.034	0.070	0.023	0.044	0.031	0.006	1.257	0.024	0.068
78	0.000	0.816	0.067	0.071	0.017	0.043	0.196	8.306	0.073	0.051	0.367	0.000	0.152	12.820	0.870	47.219	0.060	1.414	8.747	0.296	0.053	1.151	0.160	0.178	0.112	0.022	0.163	0.058	0.581	8.147	0.024	0.046	0.015	0.134	0.004	0.013	7.502	0.000	0.049
79	0.002	0.005	0.025	0.064	0.312	0.050	7.516	0.011	0.153	0.748	0.013	0.000	0.025	0.342	0.544	0.006	0.149	0.050	0.008	89.634	0.021	0.007	0.014	0.023	0.016	0.011	0.008	0.026	0.038	0.015	0.014	0.016	0.004	0.020	0.072	0.003	0.009	0.000	0.026
81	0.019	0.349	14.437	0.116	0.243	0.087	18.959	1.860	0.030	0.117	15.804	0.000	0.697	1.328	0.131	0.059	0.203	1.992	17.196	0.115	0.016	1.119	0.039	0.112	0.026	0.032	0.024	0.049	1.211	0.404	0.068	0.014	0.058	0.046	1.080	0.004	21.915	0.026	0.016
82	0.204	0.558	17.027	0.572	0.275	0.149	22.871	11.925	0.059	0.123	1.493	0.000	10.116	3.283	0.214	1.284	0.127	0.637	8.525	0.459	0.036	10.806	0.072	0.126	0.068	0.071	0.025	0.073	5.475	0.419	0.072	0.106	0.049	0.090	0.139	0.047	2.021	0.372	0.029
83	0.017	0.398	16.350	11.102	9.521	0.156	38.092	1.080	0.066	0.033	5.580	0.000	1.277	2.213	0.182	2.023	0.088	0.249	0.119	0.629	0.024	0.378	0.020	0.082	0.039	0.030	0.043	0.057	0.126	0.213	0.059	0.072	0.020	0.011	0.070	0.013	9.491	0.000	0.076
84	0.068	1.487	8.607	0.491	0.313	0.163	16.220	12.700	0.075	0.030	0.604	0.000	0.741	8.310	0.385	19.201	0.175	1.331	4.371	0.128	0.051	7.165	0.235	0.149	0.060	0.031	0.147	0.124	6.197	1.901	0.048	0.075	0.019	0.071	0.013	0.107	8.107	0.002	0.097
85	1.269	0.351	21.041	0.121	7.926	0.174	20.647	7.872	0.075	0.136	0.389	0.010	9.439	2.256	0.114	0.213	0.248	0.651	18.058	0.522	0.031	5.844	0.033	0.114	0.117	0.085	0.018	0.187	0.629	0.200	0.066	0.048	0.042	0.234	0.144	0.062	0.599	0.003	0.033
86	0.000	6.488	10.948	10.715	8.738	0.100	17.795	7.436	0.040	0.194	0.313	0.000	0.633	1.768	0.181	0.765	0.103	0.293	5.579	0.220	0.023	12.149	0.050	0.226	0.049	0.024	0.012	0.036	0.968	1.085	0.034	0.041	0.013	0.077	0.038	0.009	6.903	5.930	0.023
87	0.027	0.753	10.754	0.146	0.254	0.103	13.585	1.894	0.071	0.166	15.303	0.000	1.128	1.575	0.121	0.042	0.183	6.547	14.972	0.120	0.035	0.969	0.062	0.200	0.082	0.049	0.017	0.054	10.467	0.432	0.058	0.027	0.029	0.056	0.646	0.013	19.025	0.000	0.035
88	0.037	1.054	21.746	1.877	11.351	0.168	26.579	1.347	0.055	0.164	0.729	0.000	0.904	1.902	0.269	0.078	0.144	1.393	8.828	5.694	0.029	1.126	0.073	0.117	0.082	0.029	0.033	0.057	0.814	0.278	0.036	0.050	0.022	0.072	0.188	0.045	12.590	0.000	0.044
89	0.000	1.996	0.212	0.112	0.178	0.101	16.868	13.202	0.015	0.220	0.278	0.000	2.794	6.559	0.224	17.706	0.081	0.280	16.045	0.241	0.032	17.587	0.150	0.134	0.106	0.050	0.037	0.050	1.808	2.330	0.068	0.053	0.037	0.034	0.063	0.046	0.210	0.019	0.071
90	0.001	0.273	21.395	0.313	0.207	0.087	20.095	2.871	0.102	0.138	0.130	0.000	0.699	4.380	0.572	5.165	0.114	0.208	0.123	39.227	0.027	2.118	0.139	0.104	0.116	0.046	0.052	0.058	0.339	0.308	0.029	0.046	0.002	0.020	0.047	0.017	0.390	0.000	0.041
91	0.005	1.702	2.203	31.806	8.488	0.090	12.164	0.424	0.038	0.066	1.516	0.000	0.171	2.227	0.128	1.260	0.061	0.362	20.478	0.216	0.055	0.099	0.039	0.087	0.025	0.020	0.106	0.043	2.080	0.375	0.043	0.035	0.018	0.027	0.025	0.015	13.470	0.000	0.032
92	0.000	1.022	0.271	0.131	0.047	0.033	7.806	9.161	0.021	0.145	8.201	0.000	0.120	3.008	0.423	10.413	0.075	0.695	0.342	0.102	0.013	8.520	0.028	0.187	0.064	0.045	0.012	0.041	6.246	3.640	0.049	0.028	0.010	0.003	0.021	0.006	36.151	2.888	0.034
93	0.009	0.004	0.093	0.039	6.473	0.153	14.238	0.007	0.124	0.449	0.004	0.000	0.033	0.176	0.034	0.005	0.357	0.042	0.004	77.512	0.010	0.002	0.011	0.015	0.014	0.018	0.006	0.027	0.018	0.007	0.003	0.010	0.002	0.048	0.038	0.002	0.003	0.000	0.010
94	0.314	0.143	29.374	12.734	11.346	0.175	31.542	1.267	0.050	0.120	0.095	0.000	1.293	2.169	0.105	0.137	0.113	0.176	6.961	0.106	0.041	0.629	0.045	0.072	0.038	0.043	0.032	0.084	0.214	0.126	0.024	0.059	0.024	0.098	0.032	0.042	0.126	0.000	0.051
95	0.002	0.297	41.098	0.622	4.169	0.159	20.532	3.895	0.107	0.075	0.363	0.000	1.067	6.528	0.157	15.630	0.071	0.262	0.102	0.165	0.040	2.393	0.084	0.109	0.057	0.031	0.046	0.087	0.311	0.515	0.052	0.068	0.027	0.044	0.049	0.028	0.669	0.000	0.088
