" ","NSq","NDBE","LGD","HGD","EAC","P-Value"
" ","n = 10","n = 29","n = 19","n = 16","n = 12"," "
"Risk"," "," "," "," "," ","0.01"
"   L","5 (50%)","17 (58.6%)","6 (31.6%)","6 (37.5%)","0 (0%)",""
"   H","5 (50%)","12 (41.4%)","13 (68.4%)","10 (62.5%)","12 (100%)",""
"Sex"," "," "," "," "," ","0.29"
"   M","8 (80%)","27 (93.1%)","18 (94.7%)","12 (75%)","11 (91.7%)",""
"   F","2 (20%)","2 (6.9%)","1 (5.3%)","4 (25%)","1 (8.3%)",""
"Age"," "," "," "," "," ","0.044"
" ","61.3 (12.5)","59.7 (10.9)","68.1 (8.2)","66.8 (12.0)","67.9 (11.7)",""
