classification	risk	short_id	gender	age	mean_cov	rounded_age
NDBE	H	B01	M	65	13.5687689854646	60
NDBE	H	B02	M	53	17.4092519300414	50
NDBE	L	B03	M	46	19.4472922693372	50
NDBE	L	B04	M	73	13.9257701003265	70
NDBE	H	B05	M	70	17.1432747307256	70
NDBE	L	B06	M	30	18.0711079232991	30
NDBE	H	B07	M	59	18.0376473505589	60
NDBE	L	B08	M	58	16.3977535182689	60
NDBE	L	B09	M	65	21.4516211811067	60
NDBE	H	B10	M	74	43.5553391614697	70
NDBE	H	B11	M	57	14.0383924196489	60
NDBE	L	B12	M	48	8.54579093953855	50
NDBE	L	B13	F	76	18.527175731332	80
NDBE	L	B14	M	59	17.7362767066755	60
NDBE	L	B15	M	69	18.1423805846995	70
NDBE	H	B16	M	66	13.0824733926861	70
NDBE	H	B17	M	51	22.5266735483747	50
NDBE	L	B18	M	71	20.6536457555658	70
NDBE	H	B19	M	66	16.0994454014499	70
NDBE	H	B20	M	46	17.7650653210636	50
NDBE	L	B21	M	57	8.93878717174622	60
NDBE	L	B22	M	66	11.4327095547744	70
NDBE	H	B23	M	74	13.7765157236719	70
NDBE	L	B24	M	75	19.62041185551	80
NDBE	H	B25	M	51	15.0366321362299	50
NDBE	H	B26	M	54	18.7415171613826	50
NDBE	L	B27	M	61	18.7934017735461	60
NDBE	L	B28	M	46	9.20172342247982	50
NDBE	H	B29	M	60	15.7938016263706	60
NDBE	L	B30	M	65	16.3472184093882	60
NDBE	H	B31	M	55	11.7591349861083	60
NDBE	H	B32	M	61	20.7134400057248	60
NDBE	L	B33	F	73	16.1430316473491	70
EAC	H	C01	M	58	14.6822893167933	60
EAC	H	C02	M	53	18.0924923963465	50
EAC	H	C03	M	54	4.04803523975212	50
EAC	H	C04	F	80	18.7038411710102	80
EAC	H	C06	M	78	6.62479335250202	80
EAC	H	C07	M	53	3.15289545951259	50
EAC	H	C08	M	65	17.9488617587362	60
EAC	H	C09	M	66	13.2696996255561	70
EAC	H	C10	M	82	4.06496361816627	80
EAC	H	C11	M	62	2.75293564992869	60
EAC	H	C12	M	75	21.3927847473032	80
EAC	H	C13	M	62	13.283085188021	60
EAC	H	C14	M	85	39.4492555561732	80
HGD	H	H01	M	70	28.7079868037522	70
HGD	H	H02	M	52	7.93967007487023	50
HGD	L	H03	F	27	16.5325852635062	30
HGD	H	H04	M	67	8.93384033430158	70
HGD	L	H05	M	66	16.6471883454736	70
HGD	L	H06	M	68	14.9662738580792	70
HGD	H	H07	M	61	8.73720276676379	60
HGD	L	H08	F	74	16.8236264418381	70
HGD	H	H09	M	67	5.20235483963736	70
HGD	H	H10	M	72	19.4034847552363	70
HGD	H	H11	M	67	11.3103836247803	70
HGD	L	H12	M	75	18.5944781098133	80
HGD	H	H13	F	72	6.46000203476802	70
HGD	H	H14	M	77	15.2179087436917	80
HGD	H	H15	F	71	14.1785647800433	70
HGD	L	H16	M	69	17.5642150184105	70
HGD	H	H17	M	74	15.9760590093773	70
HGD	L	H18	M	55	16.600001648959	60
LGD	L	L01	M	70	15.6667147810275	70
LGD	H	L02	M	70	7.20820383121019	70
LGD	L	L03	M	61	9.27819326327677	60
LGD	H	L04	M	51	15.445546660864	50
LGD	H	L05	M	52	11.0151030439585	50
LGD	L	L06	M	72	16.2702162467666	70
LGD	H	L07	M	58	9.41678755416268	60
LGD	H	L08	M	66	15.3133344329023	70
LGD	H	L09	M	60	18.3463676570191	60
LGD	H	L10	F	73	20.0583019422961	70
LGD	H	L11	M	66	5.24888155807845	70
LGD	H	L12	M	69	5.99073651935612	70
LGD	H	L13	M	66	16.3609973156289	70
LGD	L	L14	M	73	19.797116073338	70
LGD	L	L15	M	59	15.8384143689495	60
LGD	L	L16	M	72	16.4961843365704	70
LGD	H	L17	M	75	50.899871148453	80
LGD	L	L18	M	61	8.75847437685427	60
LGD	L	L19	M	79	14.5412389054747	80
LGD	H	L20	M	83	12.8401058536978	80
LGD	H	L21	M	79	19.8346586873884	80
LGD	H	L22	M	71	18.4724229562386	70
NSq	L	N01	F	66	16.1789730354577	70
NSq	H	N02	M	70	15.2946083736266	70
NSq	H	N03	M	29	16.8377505248956	30
NSq	H	N04	M	66	14.1214530863088	70
NSq	L	N05	M	64	14.7388374452702	60
NSq	L	N06	M	68	21.0057794433754	70
NSq	L	N07	F	64	18.1517553503491	60
NSq	L	N08	M	61	17.3378103884178	60
NSq	H	N09	M	53	15.565900230803	50
NSq	H	N10	M	72	22.8874050186816	70
